1	2	M	technician	85711	1	1995	0	0	0	1	1	1	0	0	0	0	0	0	0	0	0	0	0	0	0	0
2	8	F	other	94043	1	1995	0	0	0	1	1	1	0	0	0	0	0	0	0	0	0	0	0	0	0	0
3	2	M	writer	32067	1	1995	0	0	0	1	1	1	0	0	0	0	0	0	0	0	0	0	0	0	0	0
4	2	M	technician	43537	1	1995	0	0	0	1	1	1	0	0	0	0	0	0	0	0	0	0	0	0	0	0
5	4	F	other	15213	1	1995	0	0	0	1	1	1	0	0	0	0	0	0	0	0	0	0	0	0	0	0
6	5	M	executive	98101	1	1995	0	0	0	1	1	1	0	0	0	0	0	0	0	0	0	0	0	0	0	0
7	8	M	administrator	91344	1	1995	0	0	0	1	1	1	0	0	0	0	0	0	0	0	0	0	0	0	0	0
8	5	M	administrator	05201	1	1995	0	0	0	1	1	1	0	0	0	0	0	0	0	0	0	0	0	0	0	0
9	3	M	student	01002	1	1995	0	0	0	1	1	1	0	0	0	0	0	0	0	0	0	0	0	0	0	0
10	8	M	lawyer	90703	1	1995	0	0	0	1	1	1	0	0	0	0	0	0	0	0	0	0	0	0	0	0
11	5	F	other	30329	1	1995	0	0	0	1	1	1	0	0	0	0	0	0	0	0	0	0	0	0	0	0
12	3	F	other	06405	1	1995	0	0	0	1	1	1	0	0	0	0	0	0	0	0	0	0	0	0	0	0
13	7	M	educator	29206	1	1995	0	0	0	1	1	1	0	0	0	0	0	0	0	0	0	0	0	0	0	0
14	5	M	scientist	55106	1	1995	0	0	0	1	1	1	0	0	0	0	0	0	0	0	0	0	0	0	0	0
15	7	F	educator	97301	1	1995	0	0	0	1	1	1	0	0	0	0	0	0	0	0	0	0	0	0	0	0
16	1	M	entertainment	10309	1	1995	0	0	0	1	1	1	0	0	0	0	0	0	0	0	0	0	0	0	0	0
17	3	M	programmer	06355	1	1995	0	0	0	1	1	1	0	0	0	0	0	0	0	0	0	0	0	0	0	0
18	4	F	other	37212	1	1995	0	0	0	1	1	1	0	0	0	0	0	0	0	0	0	0	0	0	0	0
19	5	M	librarian	02138	1	1995	0	0	0	1	1	1	0	0	0	0	0	0	0	0	0	0	0	0	0	0
20	5	F	homemaker	95660	1	1995	0	0	0	1	1	1	0	0	0	0	0	0	0	0	0	0	0	0	0	0
21	2	M	writer	30068	1	1995	0	0	0	1	1	1	0	0	0	0	0	0	0	0	0	0	0	0	0	0
22	2	M	writer	40206	1	1995	0	0	0	1	1	1	0	0	0	0	0	0	0	0	0	0	0	0	0	0
23	3	F	artist	48197	1	1995	0	0	0	1	1	1	0	0	0	0	0	0	0	0	0	0	0	0	0	0
24	1	F	artist	94533	1	1995	0	0	0	1	1	1	0	0	0	0	0	0	0	0	0	0	0	0	0	0
25	5	M	engineer	55107	1	1995	0	0	0	1	1	1	0	0	0	0	0	0	0	0	0	0	0	0	0	0
26	7	M	engineer	21044	1	1995	0	0	0	1	1	1	0	0	0	0	0	0	0	0	0	0	0	0	0	0
27	5	F	librarian	30030	1	1995	0	0	0	1	1	1	0	0	0	0	0	0	0	0	0	0	0	0	0	0
28	4	M	writer	55369	1	1995	0	0	0	1	1	1	0	0	0	0	0	0	0	0	0	0	0	0	0	0
29	5	M	programmer	94043	1	1995	0	0	0	1	1	1	0	0	0	0	0	0	0	0	0	0	0	0	0	0
30	0	M	student	55436	1	1995	0	0	0	1	1	1	0	0	0	0	0	0	0	0	0	0	0	0	0	0
31	2	M	artist	10003	1	1995	0	0	0	1	1	1	0	0	0	0	0	0	0	0	0	0	0	0	0	0
32	3	F	student	78741	1	1995	0	0	0	1	1	1	0	0	0	0	0	0	0	0	0	0	0	0	0	0
33	2	M	student	27510	1	1995	0	0	0	1	1	1	0	0	0	0	0	0	0	0	0	0	0	0	0	0
34	5	F	administrator	42141	1	1995	0	0	0	1	1	1	0	0	0	0	0	0	0	0	0	0	0	0	0	0
35	1	F	homemaker	42459	1	1995	0	0	0	1	1	1	0	0	0	0	0	0	0	0	0	0	0	0	0	0
36	1	F	student	93117	1	1995	0	0	0	1	1	1	0	0	0	0	0	0	0	0	0	0	0	0	0	0
37	2	M	student	55105	1	1995	0	0	0	1	1	1	0	0	0	0	0	0	0	0	0	0	0	0	0	0
38	3	F	other	54467	1	1995	0	0	0	1	1	1	0	0	0	0	0	0	0	0	0	0	0	0	0	0
39	5	M	entertainment	01040	1	1995	0	0	0	1	1	1	0	0	0	0	0	0	0	0	0	0	0	0	0	0
40	5	M	scientist	27514	1	1995	0	0	0	1	1	1	0	0	0	0	0	0	0	0	0	0	0	0	0	0
41	4	M	engineer	80525	1	1995	0	0	0	1	1	1	0	0	0	0	0	0	0	0	0	0	0	0	0	0
42	3	M	administrator	17870	1	1995	0	0	0	1	1	1	0	0	0	0	0	0	0	0	0	0	0	0	0	0
43	3	F	librarian	20854	1	1995	0	0	0	1	1	1	0	0	0	0	0	0	0	0	0	0	0	0	0	0
44	2	M	technician	46260	1	1995	0	0	0	1	1	1	0	0	0	0	0	0	0	0	0	0	0	0	0	0
45	3	M	programmer	50233	1	1995	0	0	0	1	1	1	0	0	0	0	0	0	0	0	0	0	0	0	0	0
46	3	F	marketing	46538	1	1995	0	0	0	1	1	1	0	0	0	0	0	0	0	0	0	0	0	0	0	0
47	8	M	marketing	07102	1	1995	0	0	0	1	1	1	0	0	0	0	0	0	0	0	0	0	0	0	0	0
48	5	M	administrator	12550	1	1995	0	0	0	1	1	1	0	0	0	0	0	0	0	0	0	0	0	0	0	0
49	2	F	student	76111	1	1995	0	0	0	1	1	1	0	0	0	0	0	0	0	0	0	0	0	0	0	0
50	1	M	writer	52245	1	1995	0	0	0	1	1	1	0	0	0	0	0	0	0	0	0	0	0	0	0	0
51	3	M	educator	16509	1	1995	0	0	0	1	1	1	0	0	0	0	0	0	0	0	0	0	0	0	0	0
52	0	F	student	55105	1	1995	0	0	0	1	1	1	0	0	0	0	0	0	0	0	0	0	0	0	0	0
53	2	M	programmer	55414	1	1995	0	0	0	1	1	1	0	0	0	0	0	0	0	0	0	0	0	0	0	0
54	1	M	executive	66315	1	1995	0	0	0	1	1	1	0	0	0	0	0	0	0	0	0	0	0	0	0	0
55	5	M	programmer	01331	1	1995	0	0	0	1	1	1	0	0	0	0	0	0	0	0	0	0	0	0	0	0
56	2	M	librarian	46260	1	1995	0	0	0	1	1	1	0	0	0	0	0	0	0	0	0	0	0	0	0	0
57	0	M	none	84010	1	1995	0	0	0	1	1	1	0	0	0	0	0	0	0	0	0	0	0	0	0	0
58	3	M	programmer	52246	1	1995	0	0	0	1	1	1	0	0	0	0	0	0	0	0	0	0	0	0	0	0
59	7	M	educator	08403	1	1995	0	0	0	1	1	1	0	0	0	0	0	0	0	0	0	0	0	0	0	0
60	7	M	healthcare	06472	1	1995	0	0	0	1	1	1	0	0	0	0	0	0	0	0	0	0	0	0	0	0
61	5	M	engineer	30040	1	1995	0	0	0	1	1	1	0	0	0	0	0	0	0	0	0	0	0	0	0	0
62	3	F	administrator	97214	1	1995	0	0	0	1	1	1	0	0	0	0	0	0	0	0	0	0	0	0	0	0
63	4	M	marketing	75240	1	1995	0	0	0	1	1	1	0	0	0	0	0	0	0	0	0	0	0	0	0	0
64	4	M	educator	43202	1	1995	0	0	0	1	1	1	0	0	0	0	0	0	0	0	0	0	0	0	0	0
65	8	F	educator	48118	1	1995	0	0	0	1	1	1	0	0	0	0	0	0	0	0	0	0	0	0	0	0
66	2	M	student	80521	1	1995	0	0	0	1	1	1	0	0	0	0	0	0	0	0	0	0	0	0	0	0
67	0	M	student	60402	1	1995	0	0	0	1	1	1	0	0	0	0	0	0	0	0	0	0	0	0	0	0
68	1	M	student	22904	1	1995	0	0	0	1	1	1	0	0	0	0	0	0	0	0	0	0	0	0	0	0
69	2	M	engineer	55337	1	1995	0	0	0	1	1	1	0	0	0	0	0	0	0	0	0	0	0	0	0	0
70	3	M	engineer	60067	1	1995	0	0	0	1	1	1	0	0	0	0	0	0	0	0	0	0	0	0	0	0
71	5	M	scientist	98034	1	1995	0	0	0	1	1	1	0	0	0	0	0	0	0	0	0	0	0	0	0	0
72	7	F	administrator	73034	1	1995	0	0	0	1	1	1	0	0	0	0	0	0	0	0	0	0	0	0	0	0
73	2	M	student	41850	1	1995	0	0	0	1	1	1	0	0	0	0	0	0	0	0	0	0	0	0	0	0
74	5	M	scientist	T8H1N	1	1995	0	0	0	1	1	1	0	0	0	0	0	0	0	0	0	0	0	0	0	0
75	2	M	entertainment	08816	1	1995	0	0	0	1	1	1	0	0	0	0	0	0	0	0	0	0	0	0	0	0
76	1	M	student	02215	1	1995	0	0	0	1	1	1	0	0	0	0	0	0	0	0	0	0	0	0	0	0
77	3	M	technician	29379	1	1995	0	0	0	1	1	1	0	0	0	0	0	0	0	0	0	0	0	0	0	0
78	2	M	administrator	61801	1	1995	0	0	0	1	1	1	0	0	0	0	0	0	0	0	0	0	0	0	0	0
79	5	F	administrator	03755	1	1995	0	0	0	1	1	1	0	0	0	0	0	0	0	0	0	0	0	0	0	0
80	4	F	administrator	52241	1	1995	0	0	0	1	1	1	0	0	0	0	0	0	0	0	0	0	0	0	0	0
81	1	M	student	21218	1	1995	0	0	0	1	1	1	0	0	0	0	0	0	0	0	0	0	0	0	0	0
82	7	M	programmer	22902	1	1995	0	0	0	1	1	1	0	0	0	0	0	0	0	0	0	0	0	0	0	0
83	5	M	other	44133	1	1995	0	0	0	1	1	1	0	0	0	0	0	0	0	0	0	0	0	0	0	0
84	4	M	executive	55369	1	1995	0	0	0	1	1	1	0	0	0	0	0	0	0	0	0	0	0	0	0	0
85	8	M	educator	20003	1	1995	0	0	0	1	1	1	0	0	0	0	0	0	0	0	0	0	0	0	0	0
86	2	M	administrator	46005	1	1995	0	0	0	1	1	1	0	0	0	0	0	0	0	0	0	0	0	0	0	0
87	7	M	administrator	89503	1	1995	0	0	0	1	1	1	0	0	0	0	0	0	0	0	0	0	0	0	0	0
88	7	F	librarian	11701	1	1995	0	0	0	1	1	1	0	0	0	0	0	0	0	0	0	0	0	0	0	0
89	5	F	administrator	68106	1	1995	0	0	0	1	1	1	0	0	0	0	0	0	0	0	0	0	0	0	0	0
90	8	M	educator	78155	1	1995	0	0	0	1	1	1	0	0	0	0	0	0	0	0	0	0	0	0	0	0
91	8	M	marketing	01913	1	1995	0	0	0	1	1	1	0	0	0	0	0	0	0	0	0	0	0	0	0	0
92	4	M	entertainment	80525	1	1995	0	0	0	1	1	1	0	0	0	0	0	0	0	0	0	0	0	0	0	0
93	7	M	executive	23112	1	1995	0	0	0	1	1	1	0	0	0	0	0	0	0	0	0	0	0	0	0	0
94	2	M	student	71457	1	1995	0	0	0	1	1	1	0	0	0	0	0	0	0	0	0	0	0	0	0	0
95	4	M	administrator	10707	1	1995	0	0	0	1	1	1	0	0	0	0	0	0	0	0	0	0	0	0	0	0
96	2	F	artist	75206	1	1995	0	0	0	1	1	1	0	0	0	0	0	0	0	0	0	0	0	0	0	0
97	5	M	artist	98006	1	1995	0	0	0	1	1	1	0	0	0	0	0	0	0	0	0	0	0	0	0	0
98	7	F	executive	90291	1	1995	0	0	0	1	1	1	0	0	0	0	0	0	0	0	0	0	0	0	0	0
99	1	M	student	63129	1	1995	0	0	0	1	1	1	0	0	0	0	0	0	0	0	0	0	0	0	0	0
100	5	M	executive	90254	1	1995	0	0	0	1	1	1	0	0	0	0	0	0	0	0	0	0	0	0	0	0
101	0	M	student	05146	1	1995	0	0	0	1	1	1	0	0	0	0	0	0	0	0	0	0	0	0	0	0
102	5	M	programmer	30220	1	1995	0	0	0	1	1	1	0	0	0	0	0	0	0	0	0	0	0	0	0	0
103	2	M	student	55108	1	1995	0	0	0	1	1	1	0	0	0	0	0	0	0	0	0	0	0	0	0	0
104	3	M	student	55108	1	1995	0	0	0	1	1	1	0	0	0	0	0	0	0	0	0	0	0	0	0	0
105	2	M	engineer	94043	1	1995	0	0	0	1	1	1	0	0	0	0	0	0	0	0	0	0	0	0	0	0
106	9	M	retired	55125	1	1995	0	0	0	1	1	1	0	0	0	0	0	0	0	0	0	0	0	0	0	0
107	5	M	scientist	60466	1	1995	0	0	0	1	1	1	0	0	0	0	0	0	0	0	0	0	0	0	0	0
108	5	M	educator	63130	1	1995	0	0	0	1	1	1	0	0	0	0	0	0	0	0	0	0	0	0	0	0
109	3	M	other	55423	1	1995	0	0	0	1	1	1	0	0	0	0	0	0	0	0	0	0	0	0	0	0
110	1	M	student	77840	1	1995	0	0	0	1	1	1	0	0	0	0	0	0	0	0	0	0	0	0	0	0
111	8	M	engineer	90630	1	1995	0	0	0	1	1	1	0	0	0	0	0	0	0	0	0	0	0	0	0	0
112	3	M	salesman	60613	1	1995	0	0	0	1	1	1	0	0	0	0	0	0	0	0	0	0	0	0	0	0
113	7	M	executive	95032	1	1995	0	0	0	1	1	1	0	0	0	0	0	0	0	0	0	0	0	0	0	0
114	3	M	programmer	75013	1	1995	0	0	0	1	1	1	0	0	0	0	0	0	0	0	0	0	0	0	0	0
115	4	M	engineer	17110	1	1995	0	0	0	1	1	1	0	0	0	0	0	0	0	0	0	0	0	0	0	0
116	5	M	healthcare	97232	1	1995	0	0	0	1	1	1	0	0	0	0	0	0	0	0	0	0	0	0	0	0
117	1	M	student	16125	1	1995	0	0	0	1	1	1	0	0	0	0	0	0	0	0	0	0	0	0	0	0
118	1	M	administrator	90210	1	1995	0	0	0	1	1	1	0	0	0	0	0	0	0	0	0	0	0	0	0	0
119	4	M	programmer	67401	1	1995	0	0	0	1	1	1	0	0	0	0	0	0	0	0	0	0	0	0	0	0
120	7	F	other	06260	1	1995	0	0	0	1	1	1	0	0	0	0	0	0	0	0	0	0	0	0	0	0
121	8	M	librarian	99603	1	1995	0	0	0	1	1	1	0	0	0	0	0	0	0	0	0	0	0	0	0	0
122	4	F	writer	22206	1	1995	0	0	0	1	1	1	0	0	0	0	0	0	0	0	0	0	0	0	0	0
123	7	F	artist	20008	1	1995	0	0	0	1	1	1	0	0	0	0	0	0	0	0	0	0	0	0	0	0
124	4	M	student	60615	1	1995	0	0	0	1	1	1	0	0	0	0	0	0	0	0	0	0	0	0	0	0
125	3	M	lawyer	22202	1	1995	0	0	0	1	1	1	0	0	0	0	0	0	0	0	0	0	0	0	0	0
126	3	F	lawyer	20015	1	1995	0	0	0	1	1	1	0	0	0	0	0	0	0	0	0	0	0	0	0	0
127	4	M	none	73439	1	1995	0	0	0	1	1	1	0	0	0	0	0	0	0	0	0	0	0	0	0	0
128	2	F	marketing	20009	1	1995	0	0	0	1	1	1	0	0	0	0	0	0	0	0	0	0	0	0	0	0
129	5	F	marketing	07039	1	1995	0	0	0	1	1	1	0	0	0	0	0	0	0	0	0	0	0	0	0	0
130	1	M	none	60115	1	1995	0	0	0	1	1	1	0	0	0	0	0	0	0	0	0	0	0	0	0	0
131	8	F	administrator	15237	1	1995	0	0	0	1	1	1	0	0	0	0	0	0	0	0	0	0	0	0	0	0
132	2	M	other	94612	1	1995	0	0	0	1	1	1	0	0	0	0	0	0	0	0	0	0	0	0	0	0
133	8	M	engineer	78602	1	1995	0	0	0	1	1	1	0	0	0	0	0	0	0	0	0	0	0	0	0	0
134	4	M	programmer	80236	1	1995	0	0	0	1	1	1	0	0	0	0	0	0	0	0	0	0	0	0	0	0
135	2	M	student	38401	1	1995	0	0	0	1	1	1	0	0	0	0	0	0	0	0	0	0	0	0	0	0
136	8	M	other	97365	1	1995	0	0	0	1	1	1	0	0	0	0	0	0	0	0	0	0	0	0	0	0
137	7	M	educator	84408	1	1995	0	0	0	1	1	1	0	0	0	0	0	0	0	0	0	0	0	0	0	0
138	7	M	doctor	53211	1	1995	0	0	0	1	1	1	0	0	0	0	0	0	0	0	0	0	0	0	0	0
139	1	M	student	08904	1	1995	0	0	0	1	1	1	0	0	0	0	0	0	0	0	0	0	0	0	0	0
140	3	F	student	32250	1	1995	0	0	0	1	1	1	0	0	0	0	0	0	0	0	0	0	0	0	0	0
141	7	M	programmer	36117	1	1995	0	0	0	1	1	1	0	0	0	0	0	0	0	0	0	0	0	0	0	0
142	0	M	other	48118	1	1995	0	0	0	1	1	1	0	0	0	0	0	0	0	0	0	0	0	0	0	0
143	5	M	technician	08832	1	1995	0	0	0	1	1	1	0	0	0	0	0	0	0	0	0	0	0	0	0	0
144	8	M	programmer	20910	1	1995	0	0	0	1	1	1	0	0	0	0	0	0	0	0	0	0	0	0	0	0
145	4	M	entertainment	V3N4P	1	1995	0	0	0	1	1	1	0	0	0	0	0	0	0	0	0	0	0	0	0	0
146	5	M	artist	83814	1	1995	0	0	0	1	1	1	0	0	0	0	0	0	0	0	0	0	0	0	0	0
147	5	F	librarian	02143	1	1995	0	0	0	1	1	1	0	0	0	0	0	0	0	0	0	0	0	0	0	0
148	4	M	engineer	97006	1	1995	0	0	0	1	1	1	0	0	0	0	0	0	0	0	0	0	0	0	0	0
149	4	F	marketing	17325	1	1995	0	0	0	1	1	1	0	0	0	0	0	0	0	0	0	0	0	0	0	0
150	1	F	artist	02139	1	1995	0	0	0	1	1	1	0	0	0	0	0	0	0	0	0	0	0	0	0	0
151	5	F	administrator	48103	1	1995	0	0	0	1	1	1	0	0	0	0	0	0	0	0	0	0	0	0	0	0
152	4	F	educator	68767	1	1995	0	0	0	1	1	1	0	0	0	0	0	0	0	0	0	0	0	0	0	0
153	2	M	student	60641	1	1995	0	0	0	1	1	1	0	0	0	0	0	0	0	0	0	0	0	0	0	0
154	2	M	student	53703	1	1995	0	0	0	1	1	1	0	0	0	0	0	0	0	0	0	0	0	0	0	0
155	4	F	other	11217	1	1995	0	0	0	1	1	1	0	0	0	0	0	0	0	0	0	0	0	0	0	0
156	2	M	educator	08360	1	1995	0	0	0	1	1	1	0	0	0	0	0	0	0	0	0	0	0	0	0	0
157	8	M	engineer	70808	1	1995	0	0	0	1	1	1	0	0	0	0	0	0	0	0	0	0	0	0	0	0
158	7	M	educator	27606	1	1995	0	0	0	1	1	1	0	0	0	0	0	0	0	0	0	0	0	0	0	0
159	2	F	student	55346	1	1995	0	0	0	1	1	1	0	0	0	0	0	0	0	0	0	0	0	0	0	0
160	3	M	programmer	66215	1	1995	0	0	0	1	1	1	0	0	0	0	0	0	0	0	0	0	0	0	0	0
161	7	M	lawyer	55104	1	1995	0	0	0	1	1	1	0	0	0	0	0	0	0	0	0	0	0	0	0	0
162	2	M	artist	15610	1	1995	0	0	0	1	1	1	0	0	0	0	0	0	0	0	0	0	0	0	0	0
163	7	M	administrator	97212	1	1995	0	0	0	1	1	1	0	0	0	0	0	0	0	0	0	0	0	0	0	0
164	7	M	healthcare	80123	1	1995	0	0	0	1	1	1	0	0	0	0	0	0	0	0	0	0	0	0	0	0
165	1	F	other	53715	1	1995	0	0	0	1	1	1	0	0	0	0	0	0	0	0	0	0	0	0	0	0
166	7	M	educator	55113	1	1995	0	0	0	1	1	1	0	0	0	0	0	0	0	0	0	0	0	0	0	0
167	5	M	other	L9G2B	1	1995	0	0	0	1	1	1	0	0	0	0	0	0	0	0	0	0	0	0	0	0
168	7	M	other	80127	1	1995	0	0	0	1	1	1	0	0	0	0	0	0	0	0	0	0	0	0	0	0
169	8	F	other	53705	1	1995	0	0	0	1	1	1	0	0	0	0	0	0	0	0	0	0	0	0	0	0
170	8	F	healthcare	30067	1	1995	0	0	0	1	1	1	0	0	0	0	0	0	0	0	0	0	0	0	0	0
171	7	F	educator	78750	1	1995	0	0	0	1	1	1	0	0	0	0	0	0	0	0	0	0	0	0	0	0
172	8	M	marketing	22207	1	1995	0	0	0	1	1	1	0	0	0	0	0	0	0	0	0	0	0	0	0	0
173	8	M	other	22306	1	1995	0	0	0	1	1	1	0	0	0	0	0	0	0	0	0	0	0	0	0	0
174	3	F	administrator	52302	1	1995	0	0	0	1	1	1	0	0	0	0	0	0	0	0	0	0	0	0	0	0
175	2	F	scientist	21911	1	1995	0	0	0	1	1	1	0	0	0	0	0	0	0	0	0	0	0	0	0	0
176	3	M	scientist	07030	1	1995	0	0	0	1	1	1	0	0	0	0	0	0	0	0	0	0	0	0	0	0
177	1	M	programmer	19104	1	1995	0	0	0	1	1	1	0	0	0	0	0	0	0	0	0	0	0	0	0	0
178	2	M	other	49512	1	1995	0	0	0	1	1	1	0	0	0	0	0	0	0	0	0	0	0	0	0	0
179	0	M	entertainment	20755	1	1995	0	0	0	1	1	1	0	0	0	0	0	0	0	0	0	0	0	0	0	0
180	1	F	administrator	60202	1	1995	0	0	0	1	1	1	0	0	0	0	0	0	0	0	0	0	0	0	0	0
181	2	M	executive	21218	1	1995	0	0	0	1	1	1	0	0	0	0	0	0	0	0	0	0	0	0	0	0
182	5	M	programmer	33884	1	1995	0	0	0	1	1	1	0	0	0	0	0	0	0	0	0	0	0	0	0	0
183	4	M	scientist	27708	1	1995	0	0	0	1	1	1	0	0	0	0	0	0	0	0	0	0	0	0	0	0
184	5	M	librarian	76013	1	1995	0	0	0	1	1	1	0	0	0	0	0	0	0	0	0	0	0	0	0	0
185	8	F	librarian	97403	1	1995	0	0	0	1	1	1	0	0	0	0	0	0	0	0	0	0	0	0	0	0
186	5	F	executive	00000	1	1995	0	0	0	1	1	1	0	0	0	0	0	0	0	0	0	0	0	0	0	0
187	2	M	educator	16801	1	1995	0	0	0	1	1	1	0	0	0	0	0	0	0	0	0	0	0	0	0	0
188	5	M	student	29440	1	1995	0	0	0	1	1	1	0	0	0	0	0	0	0	0	0	0	0	0	0	0
189	4	M	artist	95014	1	1995	0	0	0	1	1	1	0	0	0	0	0	0	0	0	0	0	0	0	0	0
190	3	M	administrator	95938	1	1995	0	0	0	1	1	1	0	0	0	0	0	0	0	0	0	0	0	0	0	0
191	4	M	administrator	95161	1	1995	0	0	0	1	1	1	0	0	0	0	0	0	0	0	0	0	0	0	0	0
192	5	M	educator	90840	1	1995	0	0	0	1	1	1	0	0	0	0	0	0	0	0	0	0	0	0	0	0
193	3	M	student	49931	1	1995	0	0	0	1	1	1	0	0	0	0	0	0	0	0	0	0	0	0	0	0
194	5	M	administrator	02154	1	1995	0	0	0	1	1	1	0	0	0	0	0	0	0	0	0	0	0	0	0	0
195	5	M	scientist	93555	1	1995	0	0	0	1	1	1	0	0	0	0	0	0	0	0	0	0	0	0	0	0
196	7	M	writer	55105	1	1995	0	0	0	1	1	1	0	0	0	0	0	0	0	0	0	0	0	0	0	0
197	8	M	technician	75094	1	1995	0	0	0	1	1	1	0	0	0	0	0	0	0	0	0	0	0	0	0	0
198	1	F	student	55414	1	1995	0	0	0	1	1	1	0	0	0	0	0	0	0	0	0	0	0	0	0	0
199	3	M	writer	17604	1	1995	0	0	0	1	1	1	0	0	0	0	0	0	0	0	0	0	0	0	0	0
200	5	M	programmer	93402	1	1995	0	0	0	1	1	1	0	0	0	0	0	0	0	0	0	0	0	0	0	0
201	3	M	writer	E2A4H	1	1995	0	0	0	1	1	1	0	0	0	0	0	0	0	0	0	0	0	0	0	0
202	5	F	educator	60201	1	1995	0	0	0	1	1	1	0	0	0	0	0	0	0	0	0	0	0	0	0	0
203	2	F	student	32301	1	1995	0	0	0	1	1	1	0	0	0	0	0	0	0	0	0	0	0	0	0	0
204	8	F	librarian	10960	1	1995	0	0	0	1	1	1	0	0	0	0	0	0	0	0	0	0	0	0	0	0
205	7	M	lawyer	06371	1	1995	0	0	0	1	1	1	0	0	0	0	0	0	0	0	0	0	0	0	0	0
206	0	F	student	53115	1	1995	0	0	0	1	1	1	0	0	0	0	0	0	0	0	0	0	0	0	0	0
207	5	M	marketing	92037	1	1995	0	0	0	1	1	1	0	0	0	0	0	0	0	0	0	0	0	0	0	0
208	5	M	engineer	01720	1	1995	0	0	0	1	1	1	0	0	0	0	0	0	0	0	0	0	0	0	0	0
209	4	F	educator	85710	1	1995	0	0	0	1	1	1	0	0	0	0	0	0	0	0	0	0	0	0	0	0
210	5	M	engineer	03060	1	1995	0	0	0	1	1	1	0	0	0	0	0	0	0	0	0	0	0	0	0	0
211	9	M	salesman	32605	1	1995	0	0	0	1	1	1	0	0	0	0	0	0	0	0	0	0	0	0	0	0
212	7	F	educator	61401	1	1995	0	0	0	1	1	1	0	0	0	0	0	0	0	0	0	0	0	0	0	0
213	4	M	executive	55345	1	1995	0	0	0	1	1	1	0	0	0	0	0	0	0	0	0	0	0	0	0	0
214	2	F	librarian	11231	1	1995	0	0	0	1	1	1	0	0	0	0	0	0	0	0	0	0	0	0	0	0
215	4	M	programmer	63033	1	1995	0	0	0	1	1	1	0	0	0	0	0	0	0	0	0	0	0	0	0	0
216	1	M	engineer	02215	1	1995	0	0	0	1	1	1	0	0	0	0	0	0	0	0	0	0	0	0	0	0
217	1	M	other	11727	1	1995	0	0	0	1	1	1	0	0	0	0	0	0	0	0	0	0	0	0	0	0
218	5	M	administrator	06513	1	1995	0	0	0	1	1	1	0	0	0	0	0	0	0	0	0	0	0	0	0	0
219	4	M	programmer	43212	1	1995	0	0	0	1	1	1	0	0	0	0	0	0	0	0	0	0	0	0	0	0
220	3	M	librarian	78205	1	1995	0	0	0	1	1	1	0	0	0	0	0	0	0	0	0	0	0	0	0	0
221	1	M	student	20685	1	1995	0	0	0	1	1	1	0	0	0	0	0	0	0	0	0	0	0	0	0	0
222	3	M	programmer	27502	1	1995	0	0	0	1	1	1	0	0	0	0	0	0	0	0	0	0	0	0	0	0
223	1	F	student	47906	1	1995	0	0	0	1	1	1	0	0	0	0	0	0	0	0	0	0	0	0	0	0
224	4	F	educator	43512	1	1995	0	0	0	1	1	1	0	0	0	0	0	0	0	0	0	0	0	0	0	0
225	8	F	administrator	58202	1	1995	0	0	0	1	1	1	0	0	0	0	0	0	0	0	0	0	0	0	0	0
226	3	M	student	92103	1	1995	0	0	0	1	1	1	0	0	0	0	0	0	0	0	0	0	0	0	0	0
227	7	M	executive	60659	1	1995	0	0	0	1	1	1	0	0	0	0	0	0	0	0	0	0	0	0	0	0
228	1	F	student	22003	1	1995	0	0	0	1	1	1	0	0	0	0	0	0	0	0	0	0	0	0	0	0
229	3	F	librarian	22903	1	1995	0	0	0	1	1	1	0	0	0	0	0	0	0	0	0	0	0	0	0	0
230	3	F	student	14476	1	1995	0	0	0	1	1	1	0	0	0	0	0	0	0	0	0	0	0	0	0	0
231	7	M	librarian	01080	1	1995	0	0	0	1	1	1	0	0	0	0	0	0	0	0	0	0	0	0	0	0
232	5	M	scientist	99709	1	1995	0	0	0	1	1	1	0	0	0	0	0	0	0	0	0	0	0	0	0	0
233	5	M	engineer	98682	1	1995	0	0	0	1	1	1	0	0	0	0	0	0	0	0	0	0	0	0	0	0
234	8	M	retired	94702	1	1995	0	0	0	1	1	1	0	0	0	0	0	0	0	0	0	0	0	0	0	0
235	5	M	educator	22973	1	1995	0	0	0	1	1	1	0	0	0	0	0	0	0	0	0	0	0	0	0	0
236	5	F	writer	53214	1	1995	0	0	0	1	1	1	0	0	0	0	0	0	0	0	0	0	0	0	0	0
237	7	M	administrator	63146	1	1995	0	0	0	1	1	1	0	0	0	0	0	0	0	0	0	0	0	0	0	0
238	5	F	administrator	44124	1	1995	0	0	0	1	1	1	0	0	0	0	0	0	0	0	0	0	0	0	0	0
239	5	M	artist	95628	1	1995	0	0	0	1	1	1	0	0	0	0	0	0	0	0	0	0	0	0	0	0
240	2	F	educator	20784	1	1995	0	0	0	1	1	1	0	0	0	0	0	0	0	0	0	0	0	0	0	0
241	2	F	student	20001	1	1995	0	0	0	1	1	1	0	0	0	0	0	0	0	0	0	0	0	0	0	0
242	4	M	educator	31404	1	1995	0	0	0	1	1	1	0	0	0	0	0	0	0	0	0	0	0	0	0	0
243	4	M	educator	60201	1	1995	0	0	0	1	1	1	0	0	0	0	0	0	0	0	0	0	0	0	0	0
244	3	M	technician	80525	1	1995	0	0	0	1	1	1	0	0	0	0	0	0	0	0	0	0	0	0	0	0
245	1	M	student	55109	1	1995	0	0	0	1	1	1	0	0	0	0	0	0	0	0	0	0	0	0	0	0
246	1	M	student	28734	1	1995	0	0	0	1	1	1	0	0	0	0	0	0	0	0	0	0	0	0	0	0
247	3	M	engineer	20770	1	1995	0	0	0	1	1	1	0	0	0	0	0	0	0	0	0	0	0	0	0	0
248	2	M	student	37235	1	1995	0	0	0	1	1	1	0	0	0	0	0	0	0	0	0	0	0	0	0	0
249	2	M	student	84103	1	1995	0	0	0	1	1	1	0	0	0	0	0	0	0	0	0	0	0	0	0	0
250	3	M	executive	95110	1	1995	0	0	0	1	1	1	0	0	0	0	0	0	0	0	0	0	0	0	0	0
251	3	M	doctor	85032	1	1995	0	0	0	1	1	1	0	0	0	0	0	0	0	0	0	0	0	0	0	0
252	5	M	engineer	07733	1	1995	0	0	0	1	1	1	0	0	0	0	0	0	0	0	0	0	0	0	0	0
253	2	F	librarian	22903	1	1995	0	0	0	1	1	1	0	0	0	0	0	0	0	0	0	0	0	0	0	0
254	5	M	educator	42647	1	1995	0	0	0	1	1	1	0	0	0	0	0	0	0	0	0	0	0	0	0	0
255	2	M	entertainment	07029	1	1995	0	0	0	1	1	1	0	0	0	0	0	0	0	0	0	0	0	0	0	0
256	4	F	none	39042	1	1995	0	0	0	1	1	1	0	0	0	0	0	0	0	0	0	0	0	0	0	0
257	0	M	student	77005	1	1995	0	0	0	1	1	1	0	0	0	0	0	0	0	0	0	0	0	0	0	0
258	1	F	student	77801	1	1995	0	0	0	1	1	1	0	0	0	0	0	0	0	0	0	0	0	0	0	0
259	1	M	student	48823	1	1995	0	0	0	1	1	1	0	0	0	0	0	0	0	0	0	0	0	0	0	0
260	5	F	artist	89801	1	1995	0	0	0	1	1	1	0	0	0	0	0	0	0	0	0	0	0	0	0	0
261	3	M	administrator	85202	1	1995	0	0	0	1	1	1	0	0	0	0	0	0	0	0	0	0	0	0	0	0
262	1	F	student	78264	1	1995	0	0	0	1	1	1	0	0	0	0	0	0	0	0	0	0	0	0	0	0
263	5	M	programmer	55346	1	1995	0	0	0	1	1	1	0	0	0	0	0	0	0	0	0	0	0	0	0	0
264	5	F	writer	90064	1	1995	0	0	0	1	1	1	0	0	0	0	0	0	0	0	0	0	0	0	0	0
265	2	M	executive	84601	1	1995	0	0	0	1	1	1	0	0	0	0	0	0	0	0	0	0	0	0	0	0
266	9	F	administrator	78756	1	1995	0	0	0	1	1	1	0	0	0	0	0	0	0	0	0	0	0	0	0	0
267	2	M	engineer	83716	1	1995	0	0	0	1	1	1	0	0	0	0	0	0	0	0	0	0	0	0	0	0
268	2	M	engineer	19422	1	1995	0	0	0	1	1	1	0	0	0	0	0	0	0	0	0	0	0	0	0	0
269	4	F	librarian	43201	1	1995	0	0	0	1	1	1	0	0	0	0	0	0	0	0	0	0	0	0	0	0
270	0	F	student	63119	1	1995	0	0	0	1	1	1	0	0	0	0	0	0	0	0	0	0	0	0	0	0
271	8	M	engineer	22932	1	1995	0	0	0	1	1	1	0	0	0	0	0	0	0	0	0	0	0	0	0	0
272	4	M	scientist	53706	1	1995	0	0	0	1	1	1	0	0	0	0	0	0	0	0	0	0	0	0	0	0
273	7	F	other	10016	1	1995	0	0	0	1	1	1	0	0	0	0	0	0	0	0	0	0	0	0	0	0
274	1	F	student	55414	1	1995	0	0	0	1	1	1	0	0	0	0	0	0	0	0	0	0	0	0	0	0
275	5	M	engineer	92064	1	1995	0	0	0	1	1	1	0	0	0	0	0	0	0	0	0	0	0	0	0	0
276	1	M	student	95064	1	1995	0	0	0	1	1	1	0	0	0	0	0	0	0	0	0	0	0	0	0	0
277	4	F	administrator	55406	1	1995	0	0	0	1	1	1	0	0	0	0	0	0	0	0	0	0	0	0	0	0
278	5	F	librarian	30033	1	1995	0	0	0	1	1	1	0	0	0	0	0	0	0	0	0	0	0	0	0	0
279	4	M	programmer	85251	1	1995	0	0	0	1	1	1	0	0	0	0	0	0	0	0	0	0	0	0	0	0
280	3	F	librarian	22903	1	1995	0	0	0	1	1	1	0	0	0	0	0	0	0	0	0	0	0	0	0	0
281	0	F	student	06059	1	1995	0	0	0	1	1	1	0	0	0	0	0	0	0	0	0	0	0	0	0	0
282	1	M	administrator	20057	1	1995	0	0	0	1	1	1	0	0	0	0	0	0	0	0	0	0	0	0	0	0
283	3	M	programmer	55305	1	1995	0	0	0	1	1	1	0	0	0	0	0	0	0	0	0	0	0	0	0	0
284	5	M	executive	92629	1	1995	0	0	0	1	1	1	0	0	0	0	0	0	0	0	0	0	0	0	0	0
285	2	M	programmer	53713	1	1995	0	0	0	1	1	1	0	0	0	0	0	0	0	0	0	0	0	0	0	0
286	3	M	student	15217	1	1995	0	0	0	1	1	1	0	0	0	0	0	0	0	0	0	0	0	0	0	0
287	1	M	salesman	31211	1	1995	0	0	0	1	1	1	0	0	0	0	0	0	0	0	0	0	0	0	0	0
288	4	M	marketing	23226	1	1995	0	0	0	1	1	1	0	0	0	0	0	0	0	0	0	0	0	0	0	0
289	0	M	none	94619	1	1995	0	0	0	1	1	1	0	0	0	0	0	0	0	0	0	0	0	0	0	0
290	5	M	engineer	93550	1	1995	0	0	0	1	1	1	0	0	0	0	0	0	0	0	0	0	0	0	0	0
291	1	M	student	44106	1	1995	0	0	0	1	1	1	0	0	0	0	0	0	0	0	0	0	0	0	0	0
292	4	F	programmer	94703	1	1995	0	0	0	1	1	1	0	0	0	0	0	0	0	0	0	0	0	0	0	0
293	2	M	writer	60804	1	1995	0	0	0	1	1	1	0	0	0	0	0	0	0	0	0	0	0	0	0	0
294	4	M	technician	92110	1	1995	0	0	0	1	1	1	0	0	0	0	0	0	0	0	0	0	0	0	0	0
295	4	M	educator	50325	1	1995	0	0	0	1	1	1	0	0	0	0	0	0	0	0	0	0	0	0	0	0
296	5	F	administrator	16803	1	1995	0	0	0	1	1	1	0	0	0	0	0	0	0	0	0	0	0	0	0	0
297	3	F	educator	98103	1	1995	0	0	0	1	1	1	0	0	0	0	0	0	0	0	0	0	0	0	0	0
298	5	M	executive	01581	1	1995	0	0	0	1	1	1	0	0	0	0	0	0	0	0	0	0	0	0	0	0
299	3	M	doctor	63108	1	1995	0	0	0	1	1	1	0	0	0	0	0	0	0	0	0	0	0	0	0	0
300	2	F	programmer	55106	1	1995	0	0	0	1	1	1	0	0	0	0	0	0	0	0	0	0	0	0	0	0
301	2	M	student	55439	1	1995	0	0	0	1	1	1	0	0	0	0	0	0	0	0	0	0	0	0	0	0
302	5	M	educator	77904	1	1995	0	0	0	1	1	1	0	0	0	0	0	0	0	0	0	0	0	0	0	0
303	1	M	student	14853	1	1995	0	0	0	1	1	1	0	0	0	0	0	0	0	0	0	0	0	0	0	0
304	1	F	student	71701	1	1995	0	0	0	1	1	1	0	0	0	0	0	0	0	0	0	0	0	0	0	0
305	2	M	programmer	94086	1	1995	0	0	0	1	1	1	0	0	0	0	0	0	0	0	0	0	0	0	0	0
306	5	M	other	73132	1	1995	0	0	0	1	1	1	0	0	0	0	0	0	0	0	0	0	0	0	0	0
307	2	M	student	55454	1	1995	0	0	0	1	1	1	0	0	0	0	0	0	0	0	0	0	0	0	0	0
308	8	M	retired	95076	1	1995	0	0	0	1	1	1	0	0	0	0	0	0	0	0	0	0	0	0	0	0
309	5	M	scientist	70802	1	1995	0	0	0	1	1	1	0	0	0	0	0	0	0	0	0	0	0	0	0	0
310	5	M	educator	91711	1	1995	0	0	0	1	1	1	0	0	0	0	0	0	0	0	0	0	0	0	0	0
311	4	M	technician	73071	1	1995	0	0	0	1	1	1	0	0	0	0	0	0	0	0	0	0	0	0	0	0
312	7	M	other	02110	1	1995	0	0	0	1	1	1	0	0	0	0	0	0	0	0	0	0	0	0	0	0
313	5	M	marketing	60035	1	1995	0	0	0	1	1	1	0	0	0	0	0	0	0	0	0	0	0	0	0	0
314	1	F	student	08043	1	1995	0	0	0	1	1	1	0	0	0	0	0	0	0	0	0	0	0	0	0	0
315	4	M	educator	18301	1	1995	0	0	0	1	1	1	0	0	0	0	0	0	0	0	0	0	0	0	0	0
316	5	F	other	77009	1	1995	0	0	0	1	1	1	0	0	0	0	0	0	0	0	0	0	0	0	0	0
317	1	M	administrator	13210	1	1995	0	0	0	1	1	1	0	0	0	0	0	0	0	0	0	0	0	0	0	0
318	9	M	retired	06518	1	1995	0	0	0	1	1	1	0	0	0	0	0	0	0	0	0	0	0	0	0	0
319	5	M	programmer	22030	1	1995	0	0	0	1	1	1	0	0	0	0	0	0	0	0	0	0	0	0	0	0
320	1	M	student	24060	1	1995	0	0	0	1	1	1	0	0	0	0	0	0	0	0	0	0	0	0	0	0
321	7	F	educator	55413	1	1995	0	0	0	1	1	1	0	0	0	0	0	0	0	0	0	0	0	0	0	0
322	1	M	student	50613	1	1995	0	0	0	1	1	1	0	0	0	0	0	0	0	0	0	0	0	0	0	0
323	1	M	student	19149	1	1995	0	0	0	1	1	1	0	0	0	0	0	0	0	0	0	0	0	0	0	0
324	1	F	student	02176	1	1995	0	0	0	1	1	1	0	0	0	0	0	0	0	0	0	0	0	0	0	0
325	7	M	technician	02139	1	1995	0	0	0	1	1	1	0	0	0	0	0	0	0	0	0	0	0	0	0	0
326	5	M	administrator	15235	1	1995	0	0	0	1	1	1	0	0	0	0	0	0	0	0	0	0	0	0	0	0
327	1	M	student	11101	1	1995	0	0	0	1	1	1	0	0	0	0	0	0	0	0	0	0	0	0	0	0
328	8	M	administrator	06779	1	1995	0	0	0	1	1	1	0	0	0	0	0	0	0	0	0	0	0	0	0	0
329	7	M	educator	01720	1	1995	0	0	0	1	1	1	0	0	0	0	0	0	0	0	0	0	0	0	0	0
330	4	F	educator	33884	1	1995	0	0	0	1	1	1	0	0	0	0	0	0	0	0	0	0	0	0	0	0
331	4	M	entertainment	91344	1	1995	0	0	0	1	1	1	0	0	0	0	0	0	0	0	0	0	0	0	0	0
332	1	M	student	40504	1	1995	0	0	0	1	1	1	0	0	0	0	0	0	0	0	0	0	0	0	0	0
333	7	M	other	V0R2M	1	1995	0	0	0	1	1	1	0	0	0	0	0	0	0	0	0	0	0	0	0	0
334	4	M	librarian	30002	1	1995	0	0	0	1	1	1	0	0	0	0	0	0	0	0	0	0	0	0	0	0
335	5	M	executive	33775	1	1995	0	0	0	1	1	1	0	0	0	0	0	0	0	0	0	0	0	0	0	0
336	2	M	salesman	42101	1	1995	0	0	0	1	1	1	0	0	0	0	0	0	0	0	0	0	0	0	0	0
337	5	M	scientist	10522	1	1995	0	0	0	1	1	1	0	0	0	0	0	0	0	0	0	0	0	0	0	0
338	5	F	librarian	59717	1	1995	0	0	0	1	1	1	0	0	0	0	0	0	0	0	0	0	0	0	0	0
339	4	M	lawyer	37901	1	1995	0	0	0	1	1	1	0	0	0	0	0	0	0	0	0	0	0	0	0	0
340	7	M	engineer	80123	1	1995	0	0	0	1	1	1	0	0	0	0	0	0	0	0	0	0	0	0	0	0
341	0	F	student	44405	1	1995	0	0	0	1	1	1	0	0	0	0	0	0	0	0	0	0	0	0	0	0
342	2	F	other	98006	1	1995	0	0	0	1	1	1	0	0	0	0	0	0	0	0	0	0	0	0	0	0
343	5	M	engineer	30093	1	1995	0	0	0	1	1	1	0	0	0	0	0	0	0	0	0	0	0	0	0	0
344	3	F	librarian	94117	1	1995	0	0	0	1	1	1	0	0	0	0	0	0	0	0	0	0	0	0	0	0
345	3	F	librarian	94143	1	1995	0	0	0	1	1	1	0	0	0	0	0	0	0	0	0	0	0	0	0	0
346	4	M	other	76059	1	1995	0	0	0	1	1	1	0	0	0	0	0	0	0	0	0	0	0	0	0	0
347	0	M	student	90210	1	1995	0	0	0	1	1	1	0	0	0	0	0	0	0	0	0	0	0	0	0	0
348	2	F	student	45660	1	1995	0	0	0	1	1	1	0	0	0	0	0	0	0	0	0	0	0	0	0	0
349	9	M	retired	61455	1	1995	0	0	0	1	1	1	0	0	0	0	0	0	0	0	0	0	0	0	0	0
350	4	M	student	97301	1	1995	0	0	0	1	1	1	0	0	0	0	0	0	0	0	0	0	0	0	0	0
351	9	M	educator	49938	1	1995	0	0	0	1	1	1	0	0	0	0	0	0	0	0	0	0	0	0	0	0
352	5	F	programmer	55105	1	1995	0	0	0	1	1	1	0	0	0	0	0	0	0	0	0	0	0	0	0	0
353	2	M	scientist	28480	1	1995	0	0	0	1	1	1	0	0	0	0	0	0	0	0	0	0	0	0	0	0
354	3	F	librarian	48197	1	1995	0	0	0	1	1	1	0	0	0	0	0	0	0	0	0	0	0	0	0	0
355	2	M	student	60135	1	1995	0	0	0	1	1	1	0	0	0	0	0	0	0	0	0	0	0	0	0	0
356	4	F	homemaker	92688	1	1995	0	0	0	1	1	1	0	0	0	0	0	0	0	0	0	0	0	0	0	0
357	2	M	executive	98133	1	1995	0	0	0	1	1	1	0	0	0	0	0	0	0	0	0	0	0	0	0	0
358	5	M	educator	10022	1	1995	0	0	0	1	1	1	0	0	0	0	0	0	0	0	0	0	0	0	0	0
359	1	M	student	61801	1	1995	0	0	0	1	1	1	0	0	0	0	0	0	0	0	0	0	0	0	0	0
360	8	M	other	98027	1	1995	0	0	0	1	1	1	0	0	0	0	0	0	0	0	0	0	0	0	0	0
361	1	M	student	44074	1	1995	0	0	0	1	1	1	0	0	0	0	0	0	0	0	0	0	0	0	0	0
362	4	F	homemaker	85233	1	1995	0	0	0	1	1	1	0	0	0	0	0	0	0	0	0	0	0	0	0	0
363	1	M	student	87501	1	1995	0	0	0	1	1	1	0	0	0	0	0	0	0	0	0	0	0	0	0	0
364	9	M	engineer	01810	1	1995	0	0	0	1	1	1	0	0	0	0	0	0	0	0	0	0	0	0	0	0
365	3	M	lawyer	20009	1	1995	0	0	0	1	1	1	0	0	0	0	0	0	0	0	0	0	0	0	0	0
366	1	F	student	50670	1	1995	0	0	0	1	1	1	0	0	0	0	0	0	0	0	0	0	0	0	0	0
367	0	M	student	37411	1	1995	0	0	0	1	1	1	0	0	0	0	0	0	0	0	0	0	0	0	0	0
368	0	M	student	92113	1	1995	0	0	0	1	1	1	0	0	0	0	0	0	0	0	0	0	0	0	0	0
369	2	M	student	91335	1	1995	0	0	0	1	1	1	0	0	0	0	0	0	0	0	0	0	0	0	0	0
370	8	M	writer	08534	1	1995	0	0	0	1	1	1	0	0	0	0	0	0	0	0	0	0	0	0	0	0
371	5	M	engineer	99206	1	1995	0	0	0	1	1	1	0	0	0	0	0	0	0	0	0	0	0	0	0	0
372	2	F	student	66046	1	1995	0	0	0	1	1	1	0	0	0	0	0	0	0	0	0	0	0	0	0	0
373	2	F	other	55116	1	1995	0	0	0	1	1	1	0	0	0	0	0	0	0	0	0	0	0	0	0	0
374	5	M	executive	78746	1	1995	0	0	0	1	1	1	0	0	0	0	0	0	0	0	0	0	0	0	0	0
375	0	M	entertainment	37777	1	1995	0	0	0	1	1	1	0	0	0	0	0	0	0	0	0	0	0	0	0	0
376	3	F	other	10010	1	1995	0	0	0	1	1	1	0	0	0	0	0	0	0	0	0	0	0	0	0	0
377	1	M	student	18015	1	1995	0	0	0	1	1	1	0	0	0	0	0	0	0	0	0	0	0	0	0	0
378	4	M	student	02859	1	1995	0	0	0	1	1	1	0	0	0	0	0	0	0	0	0	0	0	0	0	0
379	5	M	programmer	98117	1	1995	0	0	0	1	1	1	0	0	0	0	0	0	0	0	0	0	0	0	0	0
380	4	M	engineer	55117	1	1995	0	0	0	1	1	1	0	0	0	0	0	0	0	0	0	0	0	0	0	0
381	4	M	artist	94608	1	1995	0	0	0	1	1	1	0	0	0	0	0	0	0	0	0	0	0	0	0	0
382	5	M	engineer	01824	1	1995	0	0	0	1	1	1	0	0	0	0	0	0	0	0	0	0	0	0	0	0
383	5	M	administrator	75204	1	1995	0	0	0	1	1	1	0	0	0	0	0	0	0	0	0	0	0	0	0	0
384	8	M	programmer	45218	1	1995	0	0	0	1	1	1	0	0	0	0	0	0	0	0	0	0	0	0	0	0
385	5	M	writer	10003	1	1995	0	0	0	1	1	1	0	0	0	0	0	0	0	0	0	0	0	0	0	0
386	5	M	salesman	43221	1	1995	0	0	0	1	1	1	0	0	0	0	0	0	0	0	0	0	0	0	0	0
387	4	M	entertainment	37412	1	1995	0	0	0	1	1	1	0	0	0	0	0	0	0	0	0	0	0	0	0	0
388	4	M	other	36106	1	1995	0	0	0	1	1	1	0	0	0	0	0	0	0	0	0	0	0	0	0	0
389	5	F	writer	83702	1	1995	0	0	0	1	1	1	0	0	0	0	0	0	0	0	0	0	0	0	0	0
390	5	F	writer	85016	1	1995	0	0	0	1	1	1	0	0	0	0	0	0	0	0	0	0	0	0	0	0
391	2	M	student	84604	1	1995	0	0	0	1	1	1	0	0	0	0	0	0	0	0	0	0	0	0	0	0
392	8	M	writer	59801	1	1995	0	0	0	1	1	1	0	0	0	0	0	0	0	0	0	0	0	0	0	0
393	1	M	student	83686	1	1995	0	0	0	1	1	1	0	0	0	0	0	0	0	0	0	0	0	0	0	0
394	2	M	administrator	96819	1	1995	0	0	0	1	1	1	0	0	0	0	0	0	0	0	0	0	0	0	0	0
395	5	M	other	44092	1	1995	0	0	0	1	1	1	0	0	0	0	0	0	0	0	0	0	0	0	0	0
396	8	M	engineer	94551	1	1995	0	0	0	1	1	1	0	0	0	0	0	0	0	0	0	0	0	0	0	0
397	0	M	student	27514	1	1995	0	0	0	1	1	1	0	0	0	0	0	0	0	0	0	0	0	0	0	0
398	5	M	other	60008	1	1995	0	0	0	1	1	1	0	0	0	0	0	0	0	0	0	0	0	0	0	0
399	2	M	other	92374	1	1995	0	0	0	1	1	1	0	0	0	0	0	0	0	0	0	0	0	0	0	0
400	4	F	administrator	78213	1	1995	0	0	0	1	1	1	0	0	0	0	0	0	0	0	0	0	0	0	0	0
401	7	F	healthcare	84107	1	1995	0	0	0	1	1	1	0	0	0	0	0	0	0	0	0	0	0	0	0	0
402	3	M	engineer	95129	1	1995	0	0	0	1	1	1	0	0	0	0	0	0	0	0	0	0	0	0	0	0
403	5	M	other	06811	1	1995	0	0	0	1	1	1	0	0	0	0	0	0	0	0	0	0	0	0	0	0
404	3	F	programmer	55108	1	1995	0	0	0	1	1	1	0	0	0	0	0	0	0	0	0	0	0	0	0	0
405	1	F	healthcare	10019	1	1995	0	0	0	1	1	1	0	0	0	0	0	0	0	0	0	0	0	0	0	0
406	8	M	educator	93109	1	1995	0	0	0	1	1	1	0	0	0	0	0	0	0	0	0	0	0	0	0	0
407	3	M	engineer	03261	1	1995	0	0	0	1	1	1	0	0	0	0	0	0	0	0	0	0	0	0	0	0
408	2	M	student	61755	1	1995	0	0	0	1	1	1	0	0	0	0	0	0	0	0	0	0	0	0	0	0
409	7	M	administrator	98225	1	1995	0	0	0	1	1	1	0	0	0	0	0	0	0	0	0	0	0	0	0	0
410	3	F	artist	94025	1	1995	0	0	0	1	1	1	0	0	0	0	0	0	0	0	0	0	0	0	0	0
411	4	M	educator	44691	1	1995	0	0	0	1	1	1	0	0	0	0	0	0	0	0	0	0	0	0	0	0
412	2	M	educator	15222	1	1995	0	0	0	1	1	1	0	0	0	0	0	0	0	0	0	0	0	0	0	0
413	8	M	educator	78212	1	1995	0	0	0	1	1	1	0	0	0	0	0	0	0	0	0	0	0	0	0	0
414	2	M	programmer	38115	1	1995	0	0	0	1	1	1	0	0	0	0	0	0	0	0	0	0	0	0	0	0
415	5	M	educator	85711	1	1995	0	0	0	1	1	1	0	0	0	0	0	0	0	0	0	0	0	0	0	0
416	1	F	student	92626	1	1995	0	0	0	1	1	1	0	0	0	0	0	0	0	0	0	0	0	0	0	0
417	3	F	other	48103	1	1995	0	0	0	1	1	1	0	0	0	0	0	0	0	0	0	0	0	0	0	0
418	8	F	none	21206	1	1995	0	0	0	1	1	1	0	0	0	0	0	0	0	0	0	0	0	0	0	0
419	5	M	lawyer	43215	1	1995	0	0	0	1	1	1	0	0	0	0	0	0	0	0	0	0	0	0	0	0
420	8	M	educator	02140	1	1995	0	0	0	1	1	1	0	0	0	0	0	0	0	0	0	0	0	0	0	0
421	5	F	programmer	55105	1	1995	0	0	0	1	1	1	0	0	0	0	0	0	0	0	0	0	0	0	0	0
422	2	M	entertainment	94533	1	1995	0	0	0	1	1	1	0	0	0	0	0	0	0	0	0	0	0	0	0	0
423	9	M	other	91606	1	1995	0	0	0	1	1	1	0	0	0	0	0	0	0	0	0	0	0	0	0	0
424	5	F	marketing	55422	1	1995	0	0	0	1	1	1	0	0	0	0	0	0	0	0	0	0	0	0	0	0
425	1	M	student	58644	1	1995	0	0	0	1	1	1	0	0	0	0	0	0	0	0	0	0	0	0	0	0
426	8	M	educator	01602	1	1995	0	0	0	1	1	1	0	0	0	0	0	0	0	0	0	0	0	0	0	0
427	8	M	doctor	85258	1	1995	0	0	0	1	1	1	0	0	0	0	0	0	0	0	0	0	0	0	0	0
428	3	M	student	55414	1	1995	0	0	0	1	1	1	0	0	0	0	0	0	0	0	0	0	0	0	0	0
429	3	M	student	29205	1	1995	0	0	0	1	1	1	0	0	0	0	0	0	0	0	0	0	0	0	0	0
430	5	M	scientist	98199	1	1995	0	0	0	1	1	1	0	0	0	0	0	0	0	0	0	0	0	0	0	0
431	2	M	marketing	92629	1	1995	0	0	0	1	1	1	0	0	0	0	0	0	0	0	0	0	0	0	0	0
432	1	M	entertainment	50311	1	1995	0	0	0	1	1	1	0	0	0	0	0	0	0	0	0	0	0	0	0	0
433	3	M	artist	11211	1	1995	0	0	0	1	1	1	0	0	0	0	0	0	0	0	0	0	0	0	0	0
434	0	F	student	49705	1	1995	0	0	0	1	1	1	0	0	0	0	0	0	0	0	0	0	0	0	0	0
435	2	M	engineer	60007	1	1995	0	0	0	1	1	1	0	0	0	0	0	0	0	0	0	0	0	0	0	0
436	3	F	administrator	17345	1	1995	0	0	0	1	1	1	0	0	0	0	0	0	0	0	0	0	0	0	0	0
437	3	F	other	20009	1	1995	0	0	0	1	1	1	0	0	0	0	0	0	0	0	0	0	0	0	0	0
438	8	F	administrator	43204	1	1995	0	0	0	1	1	1	0	0	0	0	0	0	0	0	0	0	0	0	0	0
439	2	F	administrator	20817	1	1995	0	0	0	1	1	1	0	0	0	0	0	0	0	0	0	0	0	0	0	0
440	3	M	other	48076	1	1995	0	0	0	1	1	1	0	0	0	0	0	0	0	0	0	0	0	0	0	0
441	7	M	technician	55013	1	1995	0	0	0	1	1	1	0	0	0	0	0	0	0	0	0	0	0	0	0	0
442	1	M	student	85282	1	1995	0	0	0	1	1	1	0	0	0	0	0	0	0	0	0	0	0	0	0	0
443	4	M	salesman	33308	1	1995	0	0	0	1	1	1	0	0	0	0	0	0	0	0	0	0	0	0	0	0
444	8	F	lawyer	53202	1	1995	0	0	0	1	1	1	0	0	0	0	0	0	0	0	0	0	0	0	0	0
445	1	M	writer	92653	1	1995	0	0	0	1	1	1	0	0	0	0	0	0	0	0	0	0	0	0	0	0
446	8	M	educator	60201	1	1995	0	0	0	1	1	1	0	0	0	0	0	0	0	0	0	0	0	0	0	0
447	3	M	administrator	55113	1	1995	0	0	0	1	1	1	0	0	0	0	0	0	0	0	0	0	0	0	0	0
448	2	M	entertainment	10021	1	1995	0	0	0	1	1	1	0	0	0	0	0	0	0	0	0	0	0	0	0	0
449	2	M	librarian	55021	1	1995	0	0	0	1	1	1	0	0	0	0	0	0	0	0	0	0	0	0	0	0
450	4	F	educator	11758	1	1995	0	0	0	1	1	1	0	0	0	0	0	0	0	0	0	0	0	0	0	0
451	0	M	student	48446	1	1995	0	0	0	1	1	1	0	0	0	0	0	0	0	0	0	0	0	0	0	0
452	4	M	administrator	28018	1	1995	0	0	0	1	1	1	0	0	0	0	0	0	0	0	0	0	0	0	0	0
453	0	M	student	06333	1	1995	0	0	0	1	1	1	0	0	0	0	0	0	0	0	0	0	0	0	0	0
454	8	M	other	97330	1	1995	0	0	0	1	1	1	0	0	0	0	0	0	0	0	0	0	0	0	0	0
455	7	M	administrator	83709	1	1995	0	0	0	1	1	1	0	0	0	0	0	0	0	0	0	0	0	0	0	0
456	2	M	technician	31820	1	1995	0	0	0	1	1	1	0	0	0	0	0	0	0	0	0	0	0	0	0	0
457	4	F	salesman	30011	1	1995	0	0	0	1	1	1	0	0	0	0	0	0	0	0	0	0	0	0	0	0
458	7	M	technician	Y1A6B	1	1995	0	0	0	1	1	1	0	0	0	0	0	0	0	0	0	0	0	0	0	0
459	1	M	student	29201	1	1995	0	0	0	1	1	1	0	0	0	0	0	0	0	0	0	0	0	0	0	0
460	5	F	other	60630	1	1995	0	0	0	1	1	1	0	0	0	0	0	0	0	0	0	0	0	0	0	0
461	0	M	student	98102	1	1995	0	0	0	1	1	1	0	0	0	0	0	0	0	0	0	0	0	0	0	0
462	1	F	student	02918	1	1995	0	0	0	1	1	1	0	0	0	0	0	0	0	0	0	0	0	0	0	0
463	7	F	healthcare	75218	1	1995	0	0	0	1	1	1	0	0	0	0	0	0	0	0	0	0	0	0	0	0
464	8	M	writer	94583	1	1995	0	0	0	1	1	1	0	0	0	0	0	0	0	0	0	0	0	0	0	0
465	4	M	other	05001	1	1995	0	0	0	1	1	1	0	0	0	0	0	0	0	0	0	0	0	0	0	0
466	1	M	student	90804	1	1995	0	0	0	1	1	1	0	0	0	0	0	0	0	0	0	0	0	0	0	0
467	3	M	engineer	91201	1	1995	0	0	0	1	1	1	0	0	0	0	0	0	0	0	0	0	0	0	0	0
468	3	M	engineer	02341	1	1995	0	0	0	1	1	1	0	0	0	0	0	0	0	0	0	0	0	0	0	0
469	8	M	educator	78628	1	1995	0	0	0	1	1	1	0	0	0	0	0	0	0	0	0	0	0	0	0	0
470	2	M	programmer	10021	1	1995	0	0	0	1	1	1	0	0	0	0	0	0	0	0	0	0	0	0	0	0
471	0	M	student	77459	1	1995	0	0	0	1	1	1	0	0	0	0	0	0	0	0	0	0	0	0	0	0
472	2	M	student	87544	1	1995	0	0	0	1	1	1	0	0	0	0	0	0	0	0	0	0	0	0	0	0
473	3	M	student	94708	1	1995	0	0	0	1	1	1	0	0	0	0	0	0	0	0	0	0	0	0	0	0
474	8	M	executive	93711	1	1995	0	0	0	1	1	1	0	0	0	0	0	0	0	0	0	0	0	0	0	0
475	3	M	programmer	75230	1	1995	0	0	0	1	1	1	0	0	0	0	0	0	0	0	0	0	0	0	0	0
476	3	M	student	60440	1	1995	0	0	0	1	1	1	0	0	0	0	0	0	0	0	0	0	0	0	0	0
477	2	F	student	02125	1	1995	0	0	0	1	1	1	0	0	0	0	0	0	0	0	0	0	0	0	0	0
478	3	M	other	10019	1	1995	0	0	0	1	1	1	0	0	0	0	0	0	0	0	0	0	0	0	0	0
479	3	M	educator	55409	1	1995	0	0	0	1	1	1	0	0	0	0	0	0	0	0	0	0	0	0	0	0
480	8	M	retired	98257	1	1995	0	0	0	1	1	1	0	0	0	0	0	0	0	0	0	0	0	0	0	0
481	9	M	retired	37771	1	1995	0	0	0	1	1	1	0	0	0	0	0	0	0	0	0	0	0	0	0	0
482	0	F	student	40256	1	1995	0	0	0	1	1	1	0	0	0	0	0	0	0	0	0	0	0	0	0	0
483	3	M	scientist	43212	1	1995	0	0	0	1	1	1	0	0	0	0	0	0	0	0	0	0	0	0	0	0
484	3	M	student	21208	1	1995	0	0	0	1	1	1	0	0	0	0	0	0	0	0	0	0	0	0	0	0
485	5	F	educator	95821	1	1995	0	0	0	1	1	1	0	0	0	0	0	0	0	0	0	0	0	0	0	0
486	5	M	educator	93101	1	1995	0	0	0	1	1	1	0	0	0	0	0	0	0	0	0	0	0	0	0	0
487	1	M	engineer	92121	1	1995	0	0	0	1	1	1	0	0	0	0	0	0	0	0	0	0	0	0	0	0
488	7	M	technician	21012	1	1995	0	0	0	1	1	1	0	0	0	0	0	0	0	0	0	0	0	0	0	0
489	8	M	other	45218	1	1995	0	0	0	1	1	1	0	0	0	0	0	0	0	0	0	0	0	0	0	0
490	3	F	artist	V5A2B	1	1995	0	0	0	1	1	1	0	0	0	0	0	0	0	0	0	0	0	0	0	0
491	5	F	writer	53711	1	1995	0	0	0	1	1	1	0	0	0	0	0	0	0	0	0	0	0	0	0	0
492	8	M	educator	94618	1	1995	0	0	0	1	1	1	0	0	0	0	0	0	0	0	0	0	0	0	0	0
493	1	M	engineer	60090	1	1995	0	0	0	1	1	1	0	0	0	0	0	0	0	0	0	0	0	0	0	0
494	5	F	administrator	49428	1	1995	0	0	0	1	1	1	0	0	0	0	0	0	0	0	0	0	0	0	0	0
495	3	M	engineer	03052	1	1995	0	0	0	1	1	1	0	0	0	0	0	0	0	0	0	0	0	0	0	0
496	1	F	student	55414	1	1995	0	0	0	1	1	1	0	0	0	0	0	0	0	0	0	0	0	0	0	0
497	1	M	student	50112	1	1995	0	0	0	1	1	1	0	0	0	0	0	0	0	0	0	0	0	0	0	0
498	2	M	writer	55408	1	1995	0	0	0	1	1	1	0	0	0	0	0	0	0	0	0	0	0	0	0	0
499	5	M	programmer	75006	1	1995	0	0	0	1	1	1	0	0	0	0	0	0	0	0	0	0	0	0	0	0
500	3	M	administrator	94305	1	1995	0	0	0	1	1	1	0	0	0	0	0	0	0	0	0	0	0	0	0	0
501	1	M	student	10025	1	1995	0	0	0	1	1	1	0	0	0	0	0	0	0	0	0	0	0	0	0	0
502	1	M	student	23092	1	1995	0	0	0	1	1	1	0	0	0	0	0	0	0	0	0	0	0	0	0	0
503	7	F	writer	27514	1	1995	0	0	0	1	1	1	0	0	0	0	0	0	0	0	0	0	0	0	0	0
504	5	F	writer	92115	1	1995	0	0	0	1	1	1	0	0	0	0	0	0	0	0	0	0	0	0	0	0
505	3	F	other	20657	1	1995	0	0	0	1	1	1	0	0	0	0	0	0	0	0	0	0	0	0	0	0
506	7	M	programmer	03869	1	1995	0	0	0	1	1	1	0	0	0	0	0	0	0	0	0	0	0	0	0	0
507	0	F	writer	28450	1	1995	0	0	0	1	1	1	0	0	0	0	0	0	0	0	0	0	0	0	0	0
508	3	M	marketing	19382	1	1995	0	0	0	1	1	1	0	0	0	0	0	0	0	0	0	0	0	0	0	0
509	2	M	administrator	10011	1	1995	0	0	0	1	1	1	0	0	0	0	0	0	0	0	0	0	0	0	0	0
510	4	M	other	98038	1	1995	0	0	0	1	1	1	0	0	0	0	0	0	0	0	0	0	0	0	0	0
511	1	M	student	21250	1	1995	0	0	0	1	1	1	0	0	0	0	0	0	0	0	0	0	0	0	0	0
512	3	M	other	20090	1	1995	0	0	0	1	1	1	0	0	0	0	0	0	0	0	0	0	0	0	0	0
513	5	M	administrator	26241	1	1995	0	0	0	1	1	1	0	0	0	0	0	0	0	0	0	0	0	0	0	0
514	3	M	programmer	20707	1	1995	0	0	0	1	1	1	0	0	0	0	0	0	0	0	0	0	0	0	0	0
515	8	M	marketing	49508	1	1995	0	0	0	1	1	1	0	0	0	0	0	0	0	0	0	0	0	0	0	0
516	8	F	librarian	10021	1	1995	0	0	0	1	1	1	0	0	0	0	0	0	0	0	0	0	0	0	0	0
517	2	M	student	55454	1	1995	0	0	0	1	1	1	0	0	0	0	0	0	0	0	0	0	0	0	0	0
518	7	F	writer	99709	1	1995	0	0	0	1	1	1	0	0	0	0	0	0	0	0	0	0	0	0	0	0
519	1	M	other	55320	1	1995	0	0	0	1	1	1	0	0	0	0	0	0	0	0	0	0	0	0	0	0
520	9	M	healthcare	12603	1	1995	0	0	0	1	1	1	0	0	0	0	0	0	0	0	0	0	0	0	0	0
521	1	M	student	02146	1	1995	0	0	0	1	1	1	0	0	0	0	0	0	0	0	0	0	0	0	0	0
522	5	M	engineer	55443	1	1995	0	0	0	1	1	1	0	0	0	0	0	0	0	0	0	0	0	0	0	0
523	7	F	administrator	04102	1	1995	0	0	0	1	1	1	0	0	0	0	0	0	0	0	0	0	0	0	0	0
524	8	M	educator	02159	1	1995	0	0	0	1	1	1	0	0	0	0	0	0	0	0	0	0	0	0	0	0
525	3	F	administrator	19711	1	1995	0	0	0	1	1	1	0	0	0	0	0	0	0	0	0	0	0	0	0	0
526	3	M	marketing	97124	1	1995	0	0	0	1	1	1	0	0	0	0	0	0	0	0	0	0	0	0	0	0
527	4	M	librarian	12180	1	1995	0	0	0	1	1	1	0	0	0	0	0	0	0	0	0	0	0	0	0	0
528	0	M	student	55104	1	1995	0	0	0	1	1	1	0	0	0	0	0	0	0	0	0	0	0	0	0	0
529	7	F	administrator	44224	1	1995	0	0	0	1	1	1	0	0	0	0	0	0	0	0	0	0	0	0	0	0
530	3	M	engineer	94040	1	1995	0	0	0	1	1	1	0	0	0	0	0	0	0	0	0	0	0	0	0	0
531	3	F	salesman	97408	1	1995	0	0	0	1	1	1	0	0	0	0	0	0	0	0	0	0	0	0	0	0
532	1	M	student	92705	1	1995	0	0	0	1	1	1	0	0	0	0	0	0	0	0	0	0	0	0	0	0
533	5	M	librarian	02324	1	1995	0	0	0	1	1	1	0	0	0	0	0	0	0	0	0	0	0	0	0	0
534	1	M	student	05464	1	1995	0	0	0	1	1	1	0	0	0	0	0	0	0	0	0	0	0	0	0	0
535	5	F	educator	80302	1	1995	0	0	0	1	1	1	0	0	0	0	0	0	0	0	0	0	0	0	0	0
536	5	M	engineer	30078	1	1995	0	0	0	1	1	1	0	0	0	0	0	0	0	0	0	0	0	0	0	0
537	5	M	engineer	22902	1	1995	0	0	0	1	1	1	0	0	0	0	0	0	0	0	0	0	0	0	0	0
538	4	M	scientist	21010	1	1995	0	0	0	1	1	1	0	0	0	0	0	0	0	0	0	0	0	0	0	0
539	8	F	administrator	80303	1	1995	0	0	0	1	1	1	0	0	0	0	0	0	0	0	0	0	0	0	0	0
540	3	M	engineer	91201	1	1995	0	0	0	1	1	1	0	0	0	0	0	0	0	0	0	0	0	0	0	0
541	1	F	student	84302	1	1995	0	0	0	1	1	1	0	0	0	0	0	0	0	0	0	0	0	0	0	0
542	1	M	student	60515	1	1995	0	0	0	1	1	1	0	0	0	0	0	0	0	0	0	0	0	0	0	0
543	4	M	scientist	95123	1	1995	0	0	0	1	1	1	0	0	0	0	0	0	0	0	0	0	0	0	0	0
544	5	F	other	29464	1	1995	0	0	0	1	1	1	0	0	0	0	0	0	0	0	0	0	0	0	0	0
545	3	M	technician	08052	1	1995	0	0	0	1	1	1	0	0	0	0	0	0	0	0	0	0	0	0	0	0
546	5	M	executive	22911	1	1995	0	0	0	1	1	1	0	0	0	0	0	0	0	0	0	0	0	0	0	0
547	7	M	educator	14534	1	1995	0	0	0	1	1	1	0	0	0	0	0	0	0	0	0	0	0	0	0	0
548	8	M	writer	95468	1	1995	0	0	0	1	1	1	0	0	0	0	0	0	0	0	0	0	0	0	0	0
549	5	M	scientist	45680	1	1995	0	0	0	1	1	1	0	0	0	0	0	0	0	0	0	0	0	0	0	0
550	0	F	student	95453	1	1995	0	0	0	1	1	1	0	0	0	0	0	0	0	0	0	0	0	0	0	0
551	2	M	programmer	55414	1	1995	0	0	0	1	1	1	0	0	0	0	0	0	0	0	0	0	0	0	0	0
552	5	M	other	68147	1	1995	0	0	0	1	1	1	0	0	0	0	0	0	0	0	0	0	0	0	0	0
553	8	M	educator	62901	1	1995	0	0	0	1	1	1	0	0	0	0	0	0	0	0	0	0	0	0	0	0
554	4	M	scientist	62901	1	1995	0	0	0	1	1	1	0	0	0	0	0	0	0	0	0	0	0	0	0	0
555	3	F	educator	23227	1	1995	0	0	0	1	1	1	0	0	0	0	0	0	0	0	0	0	0	0	0	0
556	4	F	educator	30606	1	1995	0	0	0	1	1	1	0	0	0	0	0	0	0	0	0	0	0	0	0	0
557	3	F	writer	11217	1	1995	0	0	0	1	1	1	0	0	0	0	0	0	0	0	0	0	0	0	0	0
558	8	F	writer	63132	1	1995	0	0	0	1	1	1	0	0	0	0	0	0	0	0	0	0	0	0	0	0
559	9	M	executive	10022	1	1995	0	0	0	1	1	1	0	0	0	0	0	0	0	0	0	0	0	0	0	0
560	4	M	student	10003	1	1995	0	0	0	1	1	1	0	0	0	0	0	0	0	0	0	0	0	0	0	0
561	2	M	engineer	60005	1	1995	0	0	0	1	1	1	0	0	0	0	0	0	0	0	0	0	0	0	0	0
562	8	F	administrator	20879	1	1995	0	0	0	1	1	1	0	0	0	0	0	0	0	0	0	0	0	0	0	0
563	5	F	librarian	32707	1	1995	0	0	0	1	1	1	0	0	0	0	0	0	0	0	0	0	0	0	0	0
564	9	M	retired	94591	1	1995	0	0	0	1	1	1	0	0	0	0	0	0	0	0	0	0	0	0	0	0
565	5	M	student	55422	1	1995	0	0	0	1	1	1	0	0	0	0	0	0	0	0	0	0	0	0	0	0
566	1	M	student	14627	1	1995	0	0	0	1	1	1	0	0	0	0	0	0	0	0	0	0	0	0	0	0
567	2	M	entertainment	10003	1	1995	0	0	0	1	1	1	0	0	0	0	0	0	0	0	0	0	0	0	0	0
568	5	M	educator	01915	1	1995	0	0	0	1	1	1	0	0	0	0	0	0	0	0	0	0	0	0	0	0
569	4	M	educator	91903	1	1995	0	0	0	1	1	1	0	0	0	0	0	0	0	0	0	0	0	0	0	0
570	2	M	educator	14627	1	1995	0	0	0	1	1	1	0	0	0	0	0	0	0	0	0	0	0	0	0	0
571	4	M	artist	01945	1	1995	0	0	0	1	1	1	0	0	0	0	0	0	0	0	0	0	0	0	0	0
572	8	M	educator	20003	1	1995	0	0	0	1	1	1	0	0	0	0	0	0	0	0	0	0	0	0	0	0
573	9	M	retired	48911	1	1995	0	0	0	1	1	1	0	0	0	0	0	0	0	0	0	0	0	0	0	0
574	8	M	educator	53188	1	1995	0	0	0	1	1	1	0	0	0	0	0	0	0	0	0	0	0	0	0	0
575	4	M	marketing	46032	1	1995	0	0	0	1	1	1	0	0	0	0	0	0	0	0	0	0	0	0	0	0
576	7	M	executive	98281	1	1995	0	0	0	1	1	1	0	0	0	0	0	0	0	0	0	0	0	0	0	0
577	5	F	student	77845	1	1995	0	0	0	1	1	1	0	0	0	0	0	0	0	0	0	0	0	0	0	0
578	4	M	administrator	M7A1A	1	1995	0	0	0	1	1	1	0	0	0	0	0	0	0	0	0	0	0	0	0	0
579	4	M	educator	48103	1	1995	0	0	0	1	1	1	0	0	0	0	0	0	0	0	0	0	0	0	0	0
580	0	M	student	17961	1	1995	0	0	0	1	1	1	0	0	0	0	0	0	0	0	0	0	0	0	0	0
581	5	M	other	94131	1	1995	0	0	0	1	1	1	0	0	0	0	0	0	0	0	0	0	0	0	0	0
582	0	M	student	93003	1	1995	0	0	0	1	1	1	0	0	0	0	0	0	0	0	0	0	0	0	0	0
583	5	M	engineer	29631	1	1995	0	0	0	1	1	1	0	0	0	0	0	0	0	0	0	0	0	0	0	0
584	2	M	student	27511	1	1995	0	0	0	1	1	1	0	0	0	0	0	0	0	0	0	0	0	0	0	0
585	9	M	librarian	98501	1	1995	0	0	0	1	1	1	0	0	0	0	0	0	0	0	0	0	0	0	0	0
586	1	M	student	79508	1	1995	0	0	0	1	1	1	0	0	0	0	0	0	0	0	0	0	0	0	0	0
587	2	M	other	14216	1	1995	0	0	0	1	1	1	0	0	0	0	0	0	0	0	0	0	0	0	0	0
588	0	F	student	93063	1	1995	0	0	0	1	1	1	0	0	0	0	0	0	0	0	0	0	0	0	0	0
589	1	M	lawyer	90034	1	1995	0	0	0	1	1	1	0	0	0	0	0	0	0	0	0	0	0	0	0	0
590	7	M	educator	82435	1	1995	0	0	0	1	1	1	0	0	0	0	0	0	0	0	0	0	0	0	0	0
591	8	F	librarian	92093	1	1995	0	0	0	1	1	1	0	0	0	0	0	0	0	0	0	0	0	0	0	0
592	0	M	student	97520	1	1995	0	0	0	1	1	1	0	0	0	0	0	0	0	0	0	0	0	0	0	0
593	4	F	educator	68767	1	1995	0	0	0	1	1	1	0	0	0	0	0	0	0	0	0	0	0	0	0	0
594	7	M	educator	M4J2K	1	1995	0	0	0	1	1	1	0	0	0	0	0	0	0	0	0	0	0	0	0	0
595	2	M	programmer	31909	1	1995	0	0	0	1	1	1	0	0	0	0	0	0	0	0	0	0	0	0	0	0
596	1	M	artist	77073	1	1995	0	0	0	1	1	1	0	0	0	0	0	0	0	0	0	0	0	0	0	0
597	2	M	other	84116	1	1995	0	0	0	1	1	1	0	0	0	0	0	0	0	0	0	0	0	0	0	0
598	5	F	marketing	43085	1	1995	0	0	0	1	1	1	0	0	0	0	0	0	0	0	0	0	0	0	0	0
599	1	F	student	R3T5K	1	1995	0	0	0	1	1	1	0	0	0	0	0	0	0	0	0	0	0	0	0	0
600	4	M	programmer	02320	1	1995	0	0	0	1	1	1	0	0	0	0	0	0	0	0	0	0	0	0	0	0
601	1	F	artist	99687	1	1995	0	0	0	1	1	1	0	0	0	0	0	0	0	0	0	0	0	0	0	0
602	7	F	other	34656	1	1995	0	0	0	1	1	1	0	0	0	0	0	0	0	0	0	0	0	0	0	0
603	1	M	programmer	47905	1	1995	0	0	0	1	1	1	0	0	0	0	0	0	0	0	0	0	0	0	0	0
604	5	M	educator	11787	1	1995	0	0	0	1	1	1	0	0	0	0	0	0	0	0	0	0	0	0	0	0
605	4	M	engineer	33716	1	1995	0	0	0	1	1	1	0	0	0	0	0	0	0	0	0	0	0	0	0	0
606	3	M	programmer	63044	1	1995	0	0	0	1	1	1	0	0	0	0	0	0	0	0	0	0	0	0	0	0
607	7	F	healthcare	02154	1	1995	0	0	0	1	1	1	0	0	0	0	0	0	0	0	0	0	0	0	0	0
608	1	M	other	10003	1	1995	0	0	0	1	1	1	0	0	0	0	0	0	0	0	0	0	0	0	0	0
609	0	F	student	55106	1	1995	0	0	0	1	1	1	0	0	0	0	0	0	0	0	0	0	0	0	0	0
610	1	M	student	21227	1	1995	0	0	0	1	1	1	0	0	0	0	0	0	0	0	0	0	0	0	0	0
611	7	M	librarian	77008	1	1995	0	0	0	1	1	1	0	0	0	0	0	0	0	0	0	0	0	0	0	0
612	5	M	educator	79070	1	1995	0	0	0	1	1	1	0	0	0	0	0	0	0	0	0	0	0	0	0	0
613	5	F	marketing	29678	1	1995	0	0	0	1	1	1	0	0	0	0	0	0	0	0	0	0	0	0	0	0
614	8	M	educator	80227	1	1995	0	0	0	1	1	1	0	0	0	0	0	0	0	0	0	0	0	0	0	0
615	5	M	educator	27705	1	1995	0	0	0	1	1	1	0	0	0	0	0	0	0	0	0	0	0	0	0	0
616	8	M	scientist	50613	1	1995	0	0	0	1	1	1	0	0	0	0	0	0	0	0	0	0	0	0	0	0
617	3	F	writer	11201	1	1995	0	0	0	1	1	1	0	0	0	0	0	0	0	0	0	0	0	0	0	0
618	0	F	student	44212	1	1995	0	0	0	1	1	1	0	0	0	0	0	0	0	0	0	0	0	0	0	0
619	0	M	student	44134	1	1995	0	0	0	1	1	1	0	0	0	0	0	0	0	0	0	0	0	0	0	0
620	0	F	writer	81648	1	1995	0	0	0	1	1	1	0	0	0	0	0	0	0	0	0	0	0	0	0	0
621	0	M	student	60402	1	1995	0	0	0	1	1	1	0	0	0	0	0	0	0	0	0	0	0	0	0	0
622	2	M	programmer	14850	1	1995	0	0	0	1	1	1	0	0	0	0	0	0	0	0	0	0	0	0	0	0
623	7	F	educator	60187	1	1995	0	0	0	1	1	1	0	0	0	0	0	0	0	0	0	0	0	0	0	0
624	1	M	student	30067	1	1995	0	0	0	1	1	1	0	0	0	0	0	0	0	0	0	0	0	0	0	0
625	3	M	programmer	20723	1	1995	0	0	0	1	1	1	0	0	0	0	0	0	0	0	0	0	0	0	0	0
626	2	M	scientist	19807	1	1995	0	0	0	1	1	1	0	0	0	0	0	0	0	0	0	0	0	0	0	0
627	2	M	engineer	08034	1	1995	0	0	0	1	1	1	0	0	0	0	0	0	0	0	0	0	0	0	0	0
628	0	M	none	94306	1	1995	0	0	0	1	1	1	0	0	0	0	0	0	0	0	0	0	0	0	0	0
629	7	F	other	44224	1	1995	0	0	0	1	1	1	0	0	0	0	0	0	0	0	0	0	0	0	0	0
630	2	F	healthcare	55408	1	1995	0	0	0	1	1	1	0	0	0	0	0	0	0	0	0	0	0	0	0	0
631	0	F	student	38866	1	1995	0	0	0	1	1	1	0	0	0	0	0	0	0	0	0	0	0	0	0	0
632	0	M	student	55454	1	1995	0	0	0	1	1	1	0	0	0	0	0	0	0	0	0	0	0	0	0	0
633	4	M	programmer	55414	1	1995	0	0	0	1	1	1	0	0	0	0	0	0	0	0	0	0	0	0	0	0
634	5	M	engineer	T8H1N	1	1995	0	0	0	1	1	1	0	0	0	0	0	0	0	0	0	0	0	0	0	0
635	1	M	other	23237	1	1995	0	0	0	1	1	1	0	0	0	0	0	0	0	0	0	0	0	0	0	0
636	7	M	educator	48043	1	1995	0	0	0	1	1	1	0	0	0	0	0	0	0	0	0	0	0	0	0	0
637	3	M	other	74101	1	1995	0	0	0	1	1	1	0	0	0	0	0	0	0	0	0	0	0	0	0	0
638	5	M	engineer	01940	1	1995	0	0	0	1	1	1	0	0	0	0	0	0	0	0	0	0	0	0	0	0
639	5	F	librarian	12065	1	1995	0	0	0	1	1	1	0	0	0	0	0	0	0	0	0	0	0	0	0	0
640	1	M	student	61801	1	1995	0	0	0	1	1	1	0	0	0	0	0	0	0	0	0	0	0	0	0	0
641	2	M	student	60626	1	1995	0	0	0	1	1	1	0	0	0	0	0	0	0	0	0	0	0	0	0	0
642	0	F	student	95521	1	1995	0	0	0	1	1	1	0	0	0	0	0	0	0	0	0	0	0	0	0	0
643	5	M	scientist	55122	1	1995	0	0	0	1	1	1	0	0	0	0	0	0	0	0	0	0	0	0	0	0
644	8	M	retired	63645	1	1995	0	0	0	1	1	1	0	0	0	0	0	0	0	0	0	0	0	0	0	0
645	3	M	programmer	53211	1	1995	0	0	0	1	1	1	0	0	0	0	0	0	0	0	0	0	0	0	0	0
646	0	F	student	51250	1	1995	0	0	0	1	1	1	0	0	0	0	0	0	0	0	0	0	0	0	0	0
647	5	M	educator	45810	1	1995	0	0	0	1	1	1	0	0	0	0	0	0	0	0	0	0	0	0	0	0
648	5	M	engineer	91351	1	1995	0	0	0	1	1	1	0	0	0	0	0	0	0	0	0	0	0	0	0	0
649	1	M	student	39762	1	1995	0	0	0	1	1	1	0	0	0	0	0	0	0	0	0	0	0	0	0	0
650	5	M	engineer	83814	1	1995	0	0	0	1	1	1	0	0	0	0	0	0	0	0	0	0	0	0	0	0
651	9	M	retired	02903	1	1995	0	0	0	1	1	1	0	0	0	0	0	0	0	0	0	0	0	0	0	0
652	4	M	other	22911	1	1995	0	0	0	1	1	1	0	0	0	0	0	0	0	0	0	0	0	0	0	0
653	4	M	executive	55105	1	1995	0	0	0	1	1	1	0	0	0	0	0	0	0	0	0	0	0	0	0	0
654	3	F	student	78739	1	1995	0	0	0	1	1	1	0	0	0	0	0	0	0	0	0	0	0	0	0	0
655	7	F	healthcare	60657	1	1995	0	0	0	1	1	1	0	0	0	0	0	0	0	0	0	0	0	0	0	0
656	7	M	educator	10314	1	1995	0	0	0	1	1	1	0	0	0	0	0	0	0	0	0	0	0	0	0	0
657	2	F	none	78704	1	1995	0	0	0	1	1	1	0	0	0	0	0	0	0	0	0	0	0	0	0	0
658	4	M	programmer	92626	1	1995	0	0	0	1	1	1	0	0	0	0	0	0	0	0	0	0	0	0	0	0
659	4	M	educator	54248	1	1995	0	0	0	1	1	1	0	0	0	0	0	0	0	0	0	0	0	0	0	0
660	2	M	student	77380	1	1995	0	0	0	1	1	1	0	0	0	0	0	0	0	0	0	0	0	0	0	0
661	3	M	programmer	98121	1	1995	0	0	0	1	1	1	0	0	0	0	0	0	0	0	0	0	0	0	0	0
662	8	M	librarian	19102	1	1995	0	0	0	1	1	1	0	0	0	0	0	0	0	0	0	0	0	0	0	0
663	2	M	other	19341	1	1995	0	0	0	1	1	1	0	0	0	0	0	0	0	0	0	0	0	0	0	0
664	3	M	engineer	94115	1	1995	0	0	0	1	1	1	0	0	0	0	0	0	0	0	0	0	0	0	0	0
665	2	M	administrator	55412	1	1995	0	0	0	1	1	1	0	0	0	0	0	0	0	0	0	0	0	0	0	0
666	5	M	administrator	61820	1	1995	0	0	0	1	1	1	0	0	0	0	0	0	0	0	0	0	0	0	0	0
667	4	M	librarian	01970	1	1995	0	0	0	1	1	1	0	0	0	0	0	0	0	0	0	0	0	0	0	0
668	3	F	writer	10016	1	1995	0	0	0	1	1	1	0	0	0	0	0	0	0	0	0	0	0	0	0	0
669	5	M	other	20009	1	1995	0	0	0	1	1	1	0	0	0	0	0	0	0	0	0	0	0	0	0	0
670	3	M	technician	21114	1	1995	0	0	0	1	1	1	0	0	0	0	0	0	0	0	0	0	0	0	0	0
671	1	M	programmer	91919	1	1995	0	0	0	1	1	1	0	0	0	0	0	0	0	0	0	0	0	0	0	0
672	8	F	administrator	90095	1	1995	0	0	0	1	1	1	0	0	0	0	0	0	0	0	0	0	0	0	0	0
673	8	M	educator	22906	1	1995	0	0	0	1	1	1	0	0	0	0	0	0	0	0	0	0	0	0	0	0
674	0	F	student	55337	1	1995	0	0	0	1	1	1	0	0	0	0	0	0	0	0	0	0	0	0	0	0
675	4	M	other	28814	1	1995	0	0	0	1	1	1	0	0	0	0	0	0	0	0	0	0	0	0	0	0
676	3	M	programmer	32712	1	1995	0	0	0	1	1	1	0	0	0	0	0	0	0	0	0	0	0	0	0	0
677	1	M	other	99835	1	1995	0	0	0	1	1	1	0	0	0	0	0	0	0	0	0	0	0	0	0	0
678	7	M	educator	61462	1	1995	0	0	0	1	1	1	0	0	0	0	0	0	0	0	0	0	0	0	0	0
679	1	F	student	54302	1	1995	0	0	0	1	1	1	0	0	0	0	0	0	0	0	0	0	0	0	0	0
680	4	M	lawyer	90405	1	1995	0	0	0	1	1	1	0	0	0	0	0	0	0	0	0	0	0	0	0	0
681	5	F	marketing	97208	1	1995	0	0	0	1	1	1	0	0	0	0	0	0	0	0	0	0	0	0	0	0
682	2	M	programmer	55128	1	1995	0	0	0	1	1	1	0	0	0	0	0	0	0	0	0	0	0	0	0	0
683	5	M	librarian	23509	1	1995	0	0	0	1	1	1	0	0	0	0	0	0	0	0	0	0	0	0	0	0
684	3	M	student	55414	1	1995	0	0	0	1	1	1	0	0	0	0	0	0	0	0	0	0	0	0	0	0
685	4	F	librarian	55409	1	1995	0	0	0	1	1	1	0	0	0	0	0	0	0	0	0	0	0	0	0	0
686	4	M	educator	26506	1	1995	0	0	0	1	1	1	0	0	0	0	0	0	0	0	0	0	0	0	0	0
687	4	F	healthcare	27713	1	1995	0	0	0	1	1	1	0	0	0	0	0	0	0	0	0	0	0	0	0	0
688	5	F	administrator	60476	1	1995	0	0	0	1	1	1	0	0	0	0	0	0	0	0	0	0	0	0	0	0
689	2	M	other	45439	1	1995	0	0	0	1	1	1	0	0	0	0	0	0	0	0	0	0	0	0	0	0
690	4	M	salesman	63304	1	1995	0	0	0	1	1	1	0	0	0	0	0	0	0	0	0	0	0	0	0	0
691	4	M	educator	60089	1	1995	0	0	0	1	1	1	0	0	0	0	0	0	0	0	0	0	0	0	0	0
692	4	M	engineer	18053	1	1995	0	0	0	1	1	1	0	0	0	0	0	0	0	0	0	0	0	0	0	0
693	5	F	healthcare	85210	1	1995	0	0	0	1	1	1	0	0	0	0	0	0	0	0	0	0	0	0	0	0
694	8	M	programmer	06365	1	1995	0	0	0	1	1	1	0	0	0	0	0	0	0	0	0	0	0	0	0	0
695	2	M	writer	38115	1	1995	0	0	0	1	1	1	0	0	0	0	0	0	0	0	0	0	0	0	0	0
696	8	M	other	94920	1	1995	0	0	0	1	1	1	0	0	0	0	0	0	0	0	0	0	0	0	0	0
697	2	M	other	77042	1	1995	0	0	0	1	1	1	0	0	0	0	0	0	0	0	0	0	0	0	0	0
698	3	F	programmer	06906	1	1995	0	0	0	1	1	1	0	0	0	0	0	0	0	0	0	0	0	0	0	0
699	5	M	other	96754	1	1995	0	0	0	1	1	1	0	0	0	0	0	0	0	0	0	0	0	0	0	0
700	0	M	student	76309	1	1995	0	0	0	1	1	1	0	0	0	0	0	0	0	0	0	0	0	0	0	0
701	8	F	librarian	56321	1	1995	0	0	0	1	1	1	0	0	0	0	0	0	0	0	0	0	0	0	0	0
702	5	M	other	89104	1	1995	0	0	0	1	1	1	0	0	0	0	0	0	0	0	0	0	0	0	0	0
703	2	M	educator	49512	1	1995	0	0	0	1	1	1	0	0	0	0	0	0	0	0	0	0	0	0	0	0
704	8	F	librarian	91105	1	1995	0	0	0	1	1	1	0	0	0	0	0	0	0	0	0	0	0	0	0	0
705	1	F	student	54494	1	1995	0	0	0	1	1	1	0	0	0	0	0	0	0	0	0	0	0	0	0	0
706	2	M	student	55454	1	1995	0	0	0	1	1	1	0	0	0	0	0	0	0	0	0	0	0	0	0	0
707	8	F	librarian	19146	1	1995	0	0	0	1	1	1	0	0	0	0	0	0	0	0	0	0	0	0	0	0
708	2	F	homemaker	96349	1	1995	0	0	0	1	1	1	0	0	0	0	0	0	0	0	0	0	0	0	0	0
709	1	M	other	N4T1A	1	1995	0	0	0	1	1	1	0	0	0	0	0	0	0	0	0	0	0	0	0	0
710	1	M	student	92020	1	1995	0	0	0	1	1	1	0	0	0	0	0	0	0	0	0	0	0	0	0	0
711	1	F	student	15203	1	1995	0	0	0	1	1	1	0	0	0	0	0	0	0	0	0	0	0	0	0	0
712	1	F	student	54901	1	1995	0	0	0	1	1	1	0	0	0	0	0	0	0	0	0	0	0	0	0	0
713	5	F	other	07204	1	1995	0	0	0	1	1	1	0	0	0	0	0	0	0	0	0	0	0	0	0	0
714	2	M	engineer	55343	1	1995	0	0	0	1	1	1	0	0	0	0	0	0	0	0	0	0	0	0	0	0
715	1	M	technician	91206	1	1995	0	0	0	1	1	1	0	0	0	0	0	0	0	0	0	0	0	0	0	0
716	5	F	administrator	44265	1	1995	0	0	0	1	1	1	0	0	0	0	0	0	0	0	0	0	0	0	0	0
717	2	M	technician	84105	1	1995	0	0	0	1	1	1	0	0	0	0	0	0	0	0	0	0	0	0	0	0
718	5	M	technician	64118	1	1995	0	0	0	1	1	1	0	0	0	0	0	0	0	0	0	0	0	0	0	0
719	5	F	other	V0R2H	1	1995	0	0	0	1	1	1	0	0	0	0	0	0	0	0	0	0	0	0	0	0
720	7	F	administrator	16506	1	1995	0	0	0	1	1	1	0	0	0	0	0	0	0	0	0	0	0	0	0	0
721	2	F	entertainment	11238	1	1995	0	0	0	1	1	1	0	0	0	0	0	0	0	0	0	0	0	0	0	0
722	7	F	homemaker	17331	1	1995	0	0	0	1	1	1	0	0	0	0	0	0	0	0	0	0	0	0	0	0
723	2	M	executive	94403	1	1995	0	0	0	1	1	1	0	0	0	0	0	0	0	0	0	0	0	0	0	0
724	4	M	executive	40243	1	1995	0	0	0	1	1	1	0	0	0	0	0	0	0	0	0	0	0	0	0	0
725	1	M	student	91711	1	1995	0	0	0	1	1	1	0	0	0	0	0	0	0	0	0	0	0	0	0	0
726	2	F	administrator	80538	1	1995	0	0	0	1	1	1	0	0	0	0	0	0	0	0	0	0	0	0	0	0
727	2	M	student	78741	1	1995	0	0	0	1	1	1	0	0	0	0	0	0	0	0	0	0	0	0	0	0
728	8	M	executive	94306	1	1995	0	0	0	1	1	1	0	0	0	0	0	0	0	0	0	0	0	0	0	0
729	1	M	student	56567	1	1995	0	0	0	1	1	1	0	0	0	0	0	0	0	0	0	0	0	0	0	0
730	4	F	scientist	32114	1	1995	0	0	0	1	1	1	0	0	0	0	0	0	0	0	0	0	0	0	0	0
731	5	F	educator	70403	1	1995	0	0	0	1	1	1	0	0	0	0	0	0	0	0	0	0	0	0	0	0
732	3	F	other	98405	1	1995	0	0	0	1	1	1	0	0	0	0	0	0	0	0	0	0	0	0	0	0
733	5	F	other	60630	1	1995	0	0	0	1	1	1	0	0	0	0	0	0	0	0	0	0	0	0	0	0
734	2	F	other	63108	1	1995	0	0	0	1	1	1	0	0	0	0	0	0	0	0	0	0	0	0	0	0
735	3	F	healthcare	85719	1	1995	0	0	0	1	1	1	0	0	0	0	0	0	0	0	0	0	0	0	0	0
736	7	F	writer	94618	1	1995	0	0	0	1	1	1	0	0	0	0	0	0	0	0	0	0	0	0	0	0
737	3	M	programmer	98072	1	1995	0	0	0	1	1	1	0	0	0	0	0	0	0	0	0	0	0	0	0	0
738	4	M	technician	95403	1	1995	0	0	0	1	1	1	0	0	0	0	0	0	0	0	0	0	0	0	0	0
739	4	M	technician	73162	1	1995	0	0	0	1	1	1	0	0	0	0	0	0	0	0	0	0	0	0	0	0
740	2	F	educator	22206	1	1995	0	0	0	1	1	1	0	0	0	0	0	0	0	0	0	0	0	0	0	0
741	2	M	writer	63108	1	1995	0	0	0	1	1	1	0	0	0	0	0	0	0	0	0	0	0	0	0	0
742	4	M	student	29210	1	1995	0	0	0	1	1	1	0	0	0	0	0	0	0	0	0	0	0	0	0	0
743	4	M	programmer	92660	1	1995	0	0	0	1	1	1	0	0	0	0	0	0	0	0	0	0	0	0	0	0
744	4	M	marketing	47024	1	1995	0	0	0	1	1	1	0	0	0	0	0	0	0	0	0	0	0	0	0	0
745	5	M	writer	55113	1	1995	0	0	0	1	1	1	0	0	0	0	0	0	0	0	0	0	0	0	0	0
746	2	M	engineer	19047	1	1995	0	0	0	1	1	1	0	0	0	0	0	0	0	0	0	0	0	0	0	0
747	1	M	other	93612	1	1995	0	0	0	1	1	1	0	0	0	0	0	0	0	0	0	0	0	0	0	0
748	3	M	administrator	94720	1	1995	0	0	0	1	1	1	0	0	0	0	0	0	0	0	0	0	0	0	0	0
749	4	M	other	80919	1	1995	0	0	0	1	1	1	0	0	0	0	0	0	0	0	0	0	0	0	0	0
750	3	M	administrator	32303	1	1995	0	0	0	1	1	1	0	0	0	0	0	0	0	0	0	0	0	0	0	0
751	2	F	other	90034	1	1995	0	0	0	1	1	1	0	0	0	0	0	0	0	0	0	0	0	0	0	0
752	8	M	retired	21201	1	1995	0	0	0	1	1	1	0	0	0	0	0	0	0	0	0	0	0	0	0	0
753	8	M	salesman	91206	1	1995	0	0	0	1	1	1	0	0	0	0	0	0	0	0	0	0	0	0	0	0
754	8	F	librarian	62901	1	1995	0	0	0	1	1	1	0	0	0	0	0	0	0	0	0	0	0	0	0	0
755	5	F	educator	97007	1	1995	0	0	0	1	1	1	0	0	0	0	0	0	0	0	0	0	0	0	0	0
756	3	F	none	90247	1	1995	0	0	0	1	1	1	0	0	0	0	0	0	0	0	0	0	0	0	0	0
757	2	M	student	55104	1	1995	0	0	0	1	1	1	0	0	0	0	0	0	0	0	0	0	0	0	0	0
758	3	M	student	53706	1	1995	0	0	0	1	1	1	0	0	0	0	0	0	0	0	0	0	0	0	0	0
759	1	F	student	68503	1	1995	0	0	0	1	1	1	0	0	0	0	0	0	0	0	0	0	0	0	0	0
760	4	F	other	14211	1	1995	0	0	0	1	1	1	0	0	0	0	0	0	0	0	0	0	0	0	0	0
761	0	M	student	97302	1	1995	0	0	0	1	1	1	0	0	0	0	0	0	0	0	0	0	0	0	0	0
762	4	M	administrator	95050	1	1995	0	0	0	1	1	1	0	0	0	0	0	0	0	0	0	0	0	0	0	0
763	3	M	scientist	02113	1	1995	0	0	0	1	1	1	0	0	0	0	0	0	0	0	0	0	0	0	0	0
764	3	F	educator	62903	1	1995	0	0	0	1	1	1	0	0	0	0	0	0	0	0	0	0	0	0	0	0
765	4	M	student	33066	1	1995	0	0	0	1	1	1	0	0	0	0	0	0	0	0	0	0	0	0	0	0
766	5	M	other	10960	1	1995	0	0	0	1	1	1	0	0	0	0	0	0	0	0	0	0	0	0	0	0
767	9	M	engineer	00000	1	1995	0	0	0	1	1	1	0	0	0	0	0	0	0	0	0	0	0	0	0	0
768	3	M	administrator	12866	1	1995	0	0	0	1	1	1	0	0	0	0	0	0	0	0	0	0	0	0	0	0
769	5	M	executive	06927	1	1995	0	0	0	1	1	1	0	0	0	0	0	0	0	0	0	0	0	0	0	0
770	3	M	student	14216	1	1995	0	0	0	1	1	1	0	0	0	0	0	0	0	0	0	0	0	0	0	0
771	2	M	student	15232	1	1995	0	0	0	1	1	1	0	0	0	0	0	0	0	0	0	0	0	0	0	0
772	7	M	writer	27105	1	1995	0	0	0	1	1	1	0	0	0	0	0	0	0	0	0	0	0	0	0	0
773	1	M	student	55414	1	1995	0	0	0	1	1	1	0	0	0	0	0	0	0	0	0	0	0	0	0	0
774	3	M	student	80027	1	1995	0	0	0	1	1	1	0	0	0	0	0	0	0	0	0	0	0	0	0	0
775	7	M	executive	90036	1	1995	0	0	0	1	1	1	0	0	0	0	0	0	0	0	0	0	0	0	0	0
776	3	M	librarian	51157	1	1995	0	0	0	1	1	1	0	0	0	0	0	0	0	0	0	0	0	0	0	0
777	9	M	programmer	01810	1	1995	0	0	0	1	1	1	0	0	0	0	0	0	0	0	0	0	0	0	0	0
778	4	M	student	01960	1	1995	0	0	0	1	1	1	0	0	0	0	0	0	0	0	0	0	0	0	0	0
779	4	M	student	K7L5J	1	1995	0	0	0	1	1	1	0	0	0	0	0	0	0	0	0	0	0	0	0	0
780	7	M	programmer	94560	1	1995	0	0	0	1	1	1	0	0	0	0	0	0	0	0	0	0	0	0	0	0
781	1	M	student	48825	1	1995	0	0	0	1	1	1	0	0	0	0	0	0	0	0	0	0	0	0	0	0
782	1	F	artist	33205	1	1995	0	0	0	1	1	1	0	0	0	0	0	0	0	0	0	0	0	0	0	0
783	3	M	marketing	77081	1	1995	0	0	0	1	1	1	0	0	0	0	0	0	0	0	0	0	0	0	0	0
784	7	M	administrator	91040	1	1995	0	0	0	1	1	1	0	0	0	0	0	0	0	0	0	0	0	0	0	0
785	4	M	engineer	23322	1	1995	0	0	0	1	1	1	0	0	0	0	0	0	0	0	0	0	0	0	0	0
786	5	F	engineer	01754	1	1995	0	0	0	1	1	1	0	0	0	0	0	0	0	0	0	0	0	0	0	0
787	0	F	student	98620	1	1995	0	0	0	1	1	1	0	0	0	0	0	0	0	0	0	0	0	0	0	0
788	8	M	administrator	05779	1	1995	0	0	0	1	1	1	0	0	0	0	0	0	0	0	0	0	0	0	0	0
789	3	M	other	55420	1	1995	0	0	0	1	1	1	0	0	0	0	0	0	0	0	0	0	0	0	0	0
790	3	M	technician	80913	1	1995	0	0	0	1	1	1	0	0	0	0	0	0	0	0	0	0	0	0	0	0
791	4	M	educator	20064	1	1995	0	0	0	1	1	1	0	0	0	0	0	0	0	0	0	0	0	0	0	0
792	5	M	programmer	12205	1	1995	0	0	0	1	1	1	0	0	0	0	0	0	0	0	0	0	0	0	0	0
793	1	M	student	85281	1	1995	0	0	0	1	1	1	0	0	0	0	0	0	0	0	0	0	0	0	0	0
794	4	M	educator	57197	1	1995	0	0	0	1	1	1	0	0	0	0	0	0	0	0	0	0	0	0	0	0
795	3	M	programmer	08610	1	1995	0	0	0	1	1	1	0	0	0	0	0	0	0	0	0	0	0	0	0	0
796	4	F	writer	33755	1	1995	0	0	0	1	1	1	0	0	0	0	0	0	0	0	0	0	0	0	0	0
797	5	F	other	62522	1	1995	0	0	0	1	1	1	0	0	0	0	0	0	0	0	0	0	0	0	0	0
798	5	F	writer	64131	1	1995	0	0	0	1	1	1	0	0	0	0	0	0	0	0	0	0	0	0	0	0
799	7	F	administrator	19716	1	1995	0	0	0	1	1	1	0	0	0	0	0	0	0	0	0	0	0	0	0	0
800	2	M	programmer	55337	1	1995	0	0	0	1	1	1	0	0	0	0	0	0	0	0	0	0	0	0	0	0
801	1	M	writer	92154	1	1995	0	0	0	1	1	1	0	0	0	0	0	0	0	0	0	0	0	0	0	0
802	4	M	administrator	34105	1	1995	0	0	0	1	1	1	0	0	0	0	0	0	0	0	0	0	0	0	0	0
803	9	M	administrator	78212	1	1995	0	0	0	1	1	1	0	0	0	0	0	0	0	0	0	0	0	0	0	0
804	5	M	educator	61820	1	1995	0	0	0	1	1	1	0	0	0	0	0	0	0	0	0	0	0	0	0	0
805	3	F	other	20009	1	1995	0	0	0	1	1	1	0	0	0	0	0	0	0	0	0	0	0	0	0	0
806	3	M	marketing	11217	1	1995	0	0	0	1	1	1	0	0	0	0	0	0	0	0	0	0	0	0	0	0
807	5	F	healthcare	93555	1	1995	0	0	0	1	1	1	0	0	0	0	0	0	0	0	0	0	0	0	0	0
808	5	M	salesman	90016	1	1995	0	0	0	1	1	1	0	0	0	0	0	0	0	0	0	0	0	0	0	0
809	7	F	marketing	30803	1	1995	0	0	0	1	1	1	0	0	0	0	0	0	0	0	0	0	0	0	0	0
810	8	F	other	80526	1	1995	0	0	0	1	1	1	0	0	0	0	0	0	0	0	0	0	0	0	0	0
811	5	F	educator	73013	1	1995	0	0	0	1	1	1	0	0	0	0	0	0	0	0	0	0	0	0	0	0
812	1	M	technician	76234	1	1995	0	0	0	1	1	1	0	0	0	0	0	0	0	0	0	0	0	0	0	0
813	0	F	student	02136	1	1995	0	0	0	1	1	1	0	0	0	0	0	0	0	0	0	0	0	0	0	0
814	3	M	other	12345	1	1995	0	0	0	1	1	1	0	0	0	0	0	0	0	0	0	0	0	0	0	0
815	4	M	other	28806	1	1995	0	0	0	1	1	1	0	0	0	0	0	0	0	0	0	0	0	0	0	0
816	4	M	other	20755	1	1995	0	0	0	1	1	1	0	0	0	0	0	0	0	0	0	0	0	0	0	0
817	1	M	student	60152	1	1995	0	0	0	1	1	1	0	0	0	0	0	0	0	0	0	0	0	0	0	0
818	3	M	librarian	27514	1	1995	0	0	0	1	1	1	0	0	0	0	0	0	0	0	0	0	0	0	0	0
819	8	M	administrator	40205	1	1995	0	0	0	1	1	1	0	0	0	0	0	0	0	0	0	0	0	0	0	0
820	1	M	student	37725	1	1995	0	0	0	1	1	1	0	0	0	0	0	0	0	0	0	0	0	0	0	0
821	5	M	engineer	77845	1	1995	0	0	0	1	1	1	0	0	0	0	0	0	0	0	0	0	0	0	0	0
822	3	F	librarian	53144	1	1995	0	0	0	1	1	1	0	0	0	0	0	0	0	0	0	0	0	0	0	0
823	3	M	artist	50322	1	1995	0	0	0	1	1	1	0	0	0	0	0	0	0	0	0	0	0	0	0	0
824	4	M	other	15017	1	1995	0	0	0	1	1	1	0	0	0	0	0	0	0	0	0	0	0	0	0	0
825	5	M	engineer	05452	1	1995	0	0	0	1	1	1	0	0	0	0	0	0	0	0	0	0	0	0	0	0
826	3	M	artist	77048	1	1995	0	0	0	1	1	1	0	0	0	0	0	0	0	0	0	0	0	0	0	0
827	2	F	engineer	80228	1	1995	0	0	0	1	1	1	0	0	0	0	0	0	0	0	0	0	0	0	0	0
828	3	M	librarian	85282	1	1995	0	0	0	1	1	1	0	0	0	0	0	0	0	0	0	0	0	0	0	0
829	7	M	writer	80209	1	1995	0	0	0	1	1	1	0	0	0	0	0	0	0	0	0	0	0	0	0	0
830	7	M	programmer	53066	1	1995	0	0	0	1	1	1	0	0	0	0	0	0	0	0	0	0	0	0	0	0
831	1	M	other	33765	1	1995	0	0	0	1	1	1	0	0	0	0	0	0	0	0	0	0	0	0	0	0
832	2	M	technician	77042	1	1995	0	0	0	1	1	1	0	0	0	0	0	0	0	0	0	0	0	0	0	0
833	4	M	writer	90019	1	1995	0	0	0	1	1	1	0	0	0	0	0	0	0	0	0	0	0	0	0	0
834	2	M	other	64153	1	1995	0	0	0	1	1	1	0	0	0	0	0	0	0	0	0	0	0	0	0	0
835	5	F	executive	11577	1	1995	0	0	0	1	1	1	0	0	0	0	0	0	0	0	0	0	0	0	0	0
836	5	M	artist	10018	1	1995	0	0	0	1	1	1	0	0	0	0	0	0	0	0	0	0	0	0	0	0
837	5	F	artist	55409	1	1995	0	0	0	1	1	1	0	0	0	0	0	0	0	0	0	0	0	0	0	0
838	2	M	student	01375	1	1995	0	0	0	1	1	1	0	0	0	0	0	0	0	0	0	0	0	0	0	0
839	5	F	entertainment	90814	1	1995	0	0	0	1	1	1	0	0	0	0	0	0	0	0	0	0	0	0	0	0
840	5	M	artist	55406	1	1995	0	0	0	1	1	1	0	0	0	0	0	0	0	0	0	0	0	0	0	0
841	5	M	doctor	47401	1	1995	0	0	0	1	1	1	0	0	0	0	0	0	0	0	0	0	0	0	0	0
842	5	M	writer	93055	1	1995	0	0	0	1	1	1	0	0	0	0	0	0	0	0	0	0	0	0	0	0
843	4	M	librarian	44212	1	1995	0	0	0	1	1	1	0	0	0	0	0	0	0	0	0	0	0	0	0	0
844	1	M	engineer	95662	1	1995	0	0	0	1	1	1	0	0	0	0	0	0	0	0	0	0	0	0	0	0
845	9	M	doctor	97405	1	1995	0	0	0	1	1	1	0	0	0	0	0	0	0	0	0	0	0	0	0	0
846	3	M	lawyer	47130	1	1995	0	0	0	1	1	1	0	0	0	0	0	0	0	0	0	0	0	0	0	0
847	3	M	student	55417	1	1995	0	0	0	1	1	1	0	0	0	0	0	0	0	0	0	0	0	0	0	0
848	7	M	engineer	02146	1	1995	0	0	0	1	1	1	0	0	0	0	0	0	0	0	0	0	0	0	0	0
849	0	F	student	25652	1	1995	0	0	0	1	1	1	0	0	0	0	0	0	0	0	0	0	0	0	0	0
850	4	M	technician	78390	1	1995	0	0	0	1	1	1	0	0	0	0	0	0	0	0	0	0	0	0	0	0
851	0	M	other	29646	1	1995	0	0	0	1	1	1	0	0	0	0	0	0	0	0	0	0	0	0	0	0
852	7	M	administrator	94086	1	1995	0	0	0	1	1	1	0	0	0	0	0	0	0	0	0	0	0	0	0	0
853	7	M	writer	40515	1	1995	0	0	0	1	1	1	0	0	0	0	0	0	0	0	0	0	0	0	0	0
854	3	F	student	55408	1	1995	0	0	0	1	1	1	0	0	0	0	0	0	0	0	0	0	0	0	0	0
855	8	M	librarian	04988	1	1995	0	0	0	1	1	1	0	0	0	0	0	0	0	0	0	0	0	0	0	0
856	5	F	marketing	97215	1	1995	0	0	0	1	1	1	0	0	0	0	0	0	0	0	0	0	0	0	0	0
857	4	F	administrator	V1G4L	1	1995	0	0	0	1	1	1	0	0	0	0	0	0	0	0	0	0	0	0	0	0
858	9	M	educator	09645	1	1995	0	0	0	1	1	1	0	0	0	0	0	0	0	0	0	0	0	0	0	0
859	0	F	other	06492	1	1995	0	0	0	1	1	1	0	0	0	0	0	0	0	0	0	0	0	0	0	0
860	9	F	retired	48322	1	1995	0	0	0	1	1	1	0	0	0	0	0	0	0	0	0	0	0	0	0	0
861	5	F	student	14085	1	1995	0	0	0	1	1	1	0	0	0	0	0	0	0	0	0	0	0	0	0	0
862	2	M	executive	13820	1	1995	0	0	0	1	1	1	0	0	0	0	0	0	0	0	0	0	0	0	0	0
863	0	M	student	60089	1	1995	0	0	0	1	1	1	0	0	0	0	0	0	0	0	0	0	0	0	0	0
864	3	M	programmer	63021	1	1995	0	0	0	1	1	1	0	0	0	0	0	0	0	0	0	0	0	0	0	0
865	2	M	artist	11231	1	1995	0	0	0	1	1	1	0	0	0	0	0	0	0	0	0	0	0	0	0	0
866	5	M	other	60302	1	1995	0	0	0	1	1	1	0	0	0	0	0	0	0	0	0	0	0	0	0	0
867	2	M	scientist	92507	1	1995	0	0	0	1	1	1	0	0	0	0	0	0	0	0	0	0	0	0	0	0
868	1	M	programmer	55303	1	1995	0	0	0	1	1	1	0	0	0	0	0	0	0	0	0	0	0	0	0	0
869	3	M	student	10025	1	1995	0	0	0	1	1	1	0	0	0	0	0	0	0	0	0	0	0	0	0	0
870	1	M	student	65203	1	1995	0	0	0	1	1	1	0	0	0	0	0	0	0	0	0	0	0	0	0	0
871	4	M	executive	44648	1	1995	0	0	0	1	1	1	0	0	0	0	0	0	0	0	0	0	0	0	0	0
872	1	F	student	74078	1	1995	0	0	0	1	1	1	0	0	0	0	0	0	0	0	0	0	0	0	0	0
873	7	F	administrator	33763	1	1995	0	0	0	1	1	1	0	0	0	0	0	0	0	0	0	0	0	0	0	0
874	5	M	scientist	37076	1	1995	0	0	0	1	1	1	0	0	0	0	0	0	0	0	0	0	0	0	0	0
875	2	F	student	35802	1	1995	0	0	0	1	1	1	0	0	0	0	0	0	0	0	0	0	0	0	0	0
876	5	M	other	20902	1	1995	0	0	0	1	1	1	0	0	0	0	0	0	0	0	0	0	0	0	0	0
877	3	M	other	77504	1	1995	0	0	0	1	1	1	0	0	0	0	0	0	0	0	0	0	0	0	0	0
878	7	F	educator	98027	1	1995	0	0	0	1	1	1	0	0	0	0	0	0	0	0	0	0	0	0	0	0
879	4	F	administrator	55337	1	1995	0	0	0	1	1	1	0	0	0	0	0	0	0	0	0	0	0	0	0	0
880	0	M	student	83702	1	1995	0	0	0	1	1	1	0	0	0	0	0	0	0	0	0	0	0	0	0	0
881	5	M	marketing	43017	1	1995	0	0	0	1	1	1	0	0	0	0	0	0	0	0	0	0	0	0	0	0
882	4	M	engineer	40503	1	1995	0	0	0	1	1	1	0	0	0	0	0	0	0	0	0	0	0	0	0	0
883	7	M	librarian	50266	1	1995	0	0	0	1	1	1	0	0	0	0	0	0	0	0	0	0	0	0	0	0
884	5	M	engineer	55337	1	1995	0	0	0	1	1	1	0	0	0	0	0	0	0	0	0	0	0	0	0	0
885	3	F	other	95316	1	1995	0	0	0	1	1	1	0	0	0	0	0	0	0	0	0	0	0	0	0	0
886	1	M	student	61820	1	1995	0	0	0	1	1	1	0	0	0	0	0	0	0	0	0	0	0	0	0	0
887	0	F	student	27249	1	1995	0	0	0	1	1	1	0	0	0	0	0	0	0	0	0	0	0	0	0	0
888	5	M	scientist	17036	1	1995	0	0	0	1	1	1	0	0	0	0	0	0	0	0	0	0	0	0	0	0
889	2	M	technician	78704	1	1995	0	0	0	1	1	1	0	0	0	0	0	0	0	0	0	0	0	0	0	0
890	4	M	student	97301	1	1995	0	0	0	1	1	1	0	0	0	0	0	0	0	0	0	0	0	0	0	0
891	8	F	administrator	03062	1	1995	0	0	0	1	1	1	0	0	0	0	0	0	0	0	0	0	0	0	0	0
892	5	M	other	45243	1	1995	0	0	0	1	1	1	0	0	0	0	0	0	0	0	0	0	0	0	0	0
893	2	M	student	95823	1	1995	0	0	0	1	1	1	0	0	0	0	0	0	0	0	0	0	0	0	0	0
894	7	M	educator	74075	1	1995	0	0	0	1	1	1	0	0	0	0	0	0	0	0	0	0	0	0	0	0
895	4	F	librarian	32301	1	1995	0	0	0	1	1	1	0	0	0	0	0	0	0	0	0	0	0	0	0	0
896	3	M	writer	91505	1	1995	0	0	0	1	1	1	0	0	0	0	0	0	0	0	0	0	0	0	0	0
897	3	M	other	33484	1	1995	0	0	0	1	1	1	0	0	0	0	0	0	0	0	0	0	0	0	0	0
898	2	M	homemaker	61755	1	1995	0	0	0	1	1	1	0	0	0	0	0	0	0	0	0	0	0	0	0	0
899	4	M	other	55116	1	1995	0	0	0	1	1	1	0	0	0	0	0	0	0	0	0	0	0	0	0	0
900	8	M	retired	18505	1	1995	0	0	0	1	1	1	0	0	0	0	0	0	0	0	0	0	0	0	0	0
901	5	M	executive	L1V3W	1	1995	0	0	0	1	1	1	0	0	0	0	0	0	0	0	0	0	0	0	0	0
902	5	F	artist	97203	1	1995	0	0	0	1	1	1	0	0	0	0	0	0	0	0	0	0	0	0	0	0
903	3	M	educator	20850	1	1995	0	0	0	1	1	1	0	0	0	0	0	0	0	0	0	0	0	0	0	0
904	0	F	student	61073	1	1995	0	0	0	1	1	1	0	0	0	0	0	0	0	0	0	0	0	0	0	0
905	3	M	other	30350	1	1995	0	0	0	1	1	1	0	0	0	0	0	0	0	0	0	0	0	0	0	0
906	5	M	librarian	70124	1	1995	0	0	0	1	1	1	0	0	0	0	0	0	0	0	0	0	0	0	0	0
907	2	F	other	80526	1	1995	0	0	0	1	1	1	0	0	0	0	0	0	0	0	0	0	0	0	0	0
908	5	F	librarian	68504	1	1995	0	0	0	1	1	1	0	0	0	0	0	0	0	0	0	0	0	0	0	0
909	7	F	educator	53171	1	1995	0	0	0	1	1	1	0	0	0	0	0	0	0	0	0	0	0	0	0	0
910	3	M	healthcare	29301	1	1995	0	0	0	1	1	1	0	0	0	0	0	0	0	0	0	0	0	0	0	0
911	5	F	writer	53210	1	1995	0	0	0	1	1	1	0	0	0	0	0	0	0	0	0	0	0	0	0	0
912	8	M	other	06512	1	1995	0	0	0	1	1	1	0	0	0	0	0	0	0	0	0	0	0	0	0	0
913	3	M	student	76201	1	1995	0	0	0	1	1	1	0	0	0	0	0	0	0	0	0	0	0	0	0	0
914	5	F	other	08105	1	1995	0	0	0	1	1	1	0	0	0	0	0	0	0	0	0	0	0	0	0	0
915	7	M	entertainment	60614	1	1995	0	0	0	1	1	1	0	0	0	0	0	0	0	0	0	0	0	0	0	0
916	3	M	engineer	N2L5N	1	1995	0	0	0	1	1	1	0	0	0	0	0	0	0	0	0	0	0	0	0	0
917	1	F	student	20006	1	1995	0	0	0	1	1	1	0	0	0	0	0	0	0	0	0	0	0	0	0	0
918	5	M	scientist	70116	1	1995	0	0	0	1	1	1	0	0	0	0	0	0	0	0	0	0	0	0	0	0
919	2	M	other	14216	1	1995	0	0	0	1	1	1	0	0	0	0	0	0	0	0	0	0	0	0	0	0
920	3	F	artist	90008	1	1995	0	0	0	1	1	1	0	0	0	0	0	0	0	0	0	0	0	0	0	0
921	1	F	student	98801	1	1995	0	0	0	1	1	1	0	0	0	0	0	0	0	0	0	0	0	0	0	0
922	3	F	administrator	21114	1	1995	0	0	0	1	1	1	0	0	0	0	0	0	0	0	0	0	0	0	0	0
923	1	M	student	E2E3R	1	1995	0	0	0	1	1	1	0	0	0	0	0	0	0	0	0	0	0	0	0	0
924	3	M	other	11753	1	1995	0	0	0	1	1	1	0	0	0	0	0	0	0	0	0	0	0	0	0	0
925	0	F	salesman	49036	1	1995	0	0	0	1	1	1	0	0	0	0	0	0	0	0	0	0	0	0	0	0
926	7	M	entertainment	01701	1	1995	0	0	0	1	1	1	0	0	0	0	0	0	0	0	0	0	0	0	0	0
927	2	M	programmer	55428	1	1995	0	0	0	1	1	1	0	0	0	0	0	0	0	0	0	0	0	0	0	0
928	1	M	student	55408	1	1995	0	0	0	1	1	1	0	0	0	0	0	0	0	0	0	0	0	0	0	0
929	5	M	scientist	53711	1	1995	0	0	0	1	1	1	0	0	0	0	0	0	0	0	0	0	0	0	0	0
930	3	F	scientist	07310	1	1995	0	0	0	1	1	1	0	0	0	0	0	0	0	0	0	0	0	0	0	0
931	8	M	educator	33556	1	1995	0	0	0	1	1	1	0	0	0	0	0	0	0	0	0	0	0	0	0	0
932	8	M	educator	06437	1	1995	0	0	0	1	1	1	0	0	0	0	0	0	0	0	0	0	0	0	0	0
933	3	M	student	48105	1	1995	0	0	0	1	1	1	0	0	0	0	0	0	0	0	0	0	0	0	0	0
934	9	M	engineer	22902	1	1995	0	0	0	1	1	1	0	0	0	0	0	0	0	0	0	0	0	0	0	0
935	5	M	doctor	66221	1	1995	0	0	0	1	1	1	0	0	0	0	0	0	0	0	0	0	0	0	0	0
936	2	M	other	32789	1	1995	0	0	0	1	1	1	0	0	0	0	0	0	0	0	0	0	0	0	0	0
937	7	M	educator	98072	1	1995	0	0	0	1	1	1	0	0	0	0	0	0	0	0	0	0	0	0	0	0
938	5	F	technician	55038	1	1995	0	0	0	1	1	1	0	0	0	0	0	0	0	0	0	0	0	0	0	0
939	2	F	student	33319	1	1995	0	0	0	1	1	1	0	0	0	0	0	0	0	0	0	0	0	0	0	0
940	4	M	administrator	02215	1	1995	0	0	0	1	1	1	0	0	0	0	0	0	0	0	0	0	0	0	0	0
941	1	M	student	97229	1	1995	0	0	0	1	1	1	0	0	0	0	0	0	0	0	0	0	0	0	0	0
942	7	F	librarian	78209	1	1995	0	0	0	1	1	1	0	0	0	0	0	0	0	0	0	0	0	0	0	0
943	1	M	student	77841	1	1995	0	0	0	1	1	1	0	0	0	0	0	0	0	0	0	0	0	0	0	0
